File Extension,Ransomware,Present in other programs,Program type
lalabitch,Unidentified,N,
Ouchachia,Unidentified,N,
reaGAN,Unidentified,N,
Persephone666!,Unidentified,N,
xolzsec,Unidentified,N,
ERIS,Unidentified,N,
derp,Derp,N,
four,Unidentified,N,
rapid,Unidentified,N,
*cry,Unidentified,N,
katyusha,Unidentified,N,
zemblax,Unidentified,N,
encoded_PL,Unidentified,N,
saved,Unidentified,N,
fdcz,Unidentified,N,
EnyBenied,Unidentified,N,
xp10-ransom,Unidentified,N,
n3tw0rm,Unidentified,N,
pedro,Unidentified,N,
file0locked,ZCRYPT,N,
ravack,Unidentified,N,
beets!Ransom,Unidentified,N,
master,Unidentified,N,
ChernoLocker,Unidentified,N,
sorry,Unidentified,N,
DeathHiddenTear v2,Unidentified,N,
RDWF,Unidentified,N,
vash,Unidentified,N,
risk,Unidentified,N,
jdyi,Unidentified,N,
lurk,Unidentified,N,
EdgeLocker,Unidentified,N,
GG,Unidentified,N,
UKCZA,Unidentified,N,
Paymen45,Unidentified,N,
PhoneNumber,Unidentified,N,
jack,Unidentified,N,
nytom,Unidentified,N,
paymds,Unidentified,N,
roldat,Unidentified,N,
MRCR1,CrySiS,N,
saverswasted,Unidentified,N,
BARRACUDA,Unidentified,N,
xort,Unidentified,N,
cmd,Unidentified,Y,Batchfile(OS/2)
guesswho,Unidentified,N,
l0cked,Unidentified,N,
THANATOS,Unidentified,N,
*wasted_info,Unidentified,N,
Coin Locker,Unidentified,N,
NHCR,Unidentified,N,
Galacti-Crypter,Unidentified,N,
 vesrato,Unidentified,N,
kratos,HiddenTear,N,
AVco3,Unidentified,N,
ARTEMY,Unidentified,N,
paymst,Samas/SamSam,N,
me*,Unidentified,N,
bbqb,Unidentified,N,
locked3,Unidentified,N,
ducueyuav,Unidentified,N,
ALNBR,Unidentified,N,
*GLADIUS,Unidentified,N,
CerBerSysLocked0009881,Unidentified,N,
cesar,Unidentified,N,
BadBlock,Unidentified,N,
lxhlp,Unidentified,N,
Encrypted5,Unidentified,N,
Ordinal,Unidentified,N,
thunder,Unidentified,N,
btc -help-you,Unidentified,N,
Blooper,Unidentified,N,
CXK-NMSL,Unidentified,N,
ru]*,Unidentified,N,
trosak,Unidentified,N,
4rw5w,Unidentified,N,
Z9,Unidentified,N,
bleep,Unidentified,N,
LonleyEncryptedFile,Unidentified,N,
Iexei8bo,Unidentified,N,
BTCamant,Unidentified,N,
petra,Unidentified,N,
b00m,Unidentified,N,
AutoLocky,Unidentified,N,
wnry,Unidentified,N,
HeroesOftheStorm,Unidentified,N,
Crypt0r,Unidentified,N,
Extortion Scam,Unidentified,N,
R980,Unidentified,N,
RarVault,Unidentified,N,
pluto,Unidentified,N,
CIFGKSAFFSFYGHD,Unidentified,N,
happy new year,Unidentified,N,
vassago,Unidentified,N,
GodLock,Unidentified,N,
Zekwacrypt,Unidentified,N,
101,Unidentified,N,
ZQ,Unidentified,N,
FREDD,Unidentified,N,
b007,Unidentified,N,
rekt,TeslaCrypt,N,
wbxd,Unidentified,N,
gyga,Unidentified,N,
2048,Unidentified,N,
itunes,Unidentified,N,
Zoldon,Unidentified,N,
MERRY,Malware,N,
locklock,HiddenTear,N,
NOV,Unidentified,N,
hydracrypt_ID*,Unidentified,N,
MaMo434376,Unidentified,N,
mht,Unidentified,Y,MSMHTMLDocument
Dexter,Evil-JS,N,
cryptojoker,Unidentified,N,
secure,Unidentified,N,
MOLE,Unidentified,N,
GPCode,Unidentified,N,
horsedeal,Unidentified,N,
TrueCrypter,Unidentified,N,
VIVELAG,Unidentified,N,
Networklock,Unidentified,N,
CryptoPokemon,Unidentified,N,
Karmen,Unidentified,N,
zeronine,Unidentified,N,
org,Unidentified,Y,Calendarfile(LotusOrganizer)
u'BUYUNLOCKCODE,Unidentified,N,
txt,Unidentified,Y,Textfile
BI_ID,Unidentified,N,
Jumper,Unidentified,N,
iwanthelpuuu,Unidentified,N,
crypted_pony_test_build*,Unidentified,N,
ipygh,Unidentified,N,
covid19,Phishing,N,
2du1mj8,Unidentified,N,
RansomCuck,Unidentified,N,
GrujaRS,Unidentified,N,
MAFIA,Unidentified,N,
WHY,Unidentified,N,
frend,Unidentified,N,
luckyday,Unidentified,N,
noproblemwedecfilesâ€‹,Jigsaw,N,
jpg,Unidentified,Y,Bitmapgraphics(JointPhotographyExpertsGroup)
CIOP,Unidentified,N,
isis,Unidentified,N,
blocking,Unidentified,N,
Bill_Clinton@derpymailorg,Unidentified,N,
locked,CryptXXX,N,
crypt2019,Unidentified,N,
Gefest3,Unidentified,N,
1999,Unidentified,N,
kodg,Unidentified,N,
TGIF,Unidentified,N,
rooe,Unidentified,N,
nppp,Unidentified,N,
locker,Unidentified,N,
npph,Unidentified,N,
XINOF,Unidentified,N,
root,Unidentified,N,
Alcatraz,Unidentified,N,
MOTD,Unidentified,N,
XMEYU,Unidentified,N,
serpent,Chip,N,
dolphin,Unidentified,N,
2020END,Unidentified,N,
captcha,Unidentified,N,
orion,Unidentified,N,
LEGO,Unidentified,N,
covid,Unidentified,N,
CryptoWire,Unidentified,N,
makop,Unidentified,N,
KillerLocker,Unidentified,N,
betarasite,Unidentified,N,
enc,Alcatraz,Y,Encodedfile-UUENCODEdfile(Lotus1-2-3-uuexe515.exe)
YOUR_LAST_CHANCE!,Unidentified,N,
KEKW,Unidentified,N,
xbml,Unidentified,N,
happenencedfiles,Unidentified,N,
Locked_file,Unidentified,N,
Notepad,Unidentified,N,
damage,CryptoLocker,N,
VIRUS,Unidentified,N,
BitCrypt,Unidentified,N,
Angus,Unidentified,N,
nhHtFWV,Unidentified,N,
gate,Unidentified,N,
KEYZ,Unidentified,N,
poker,Unidentified,N,
corrupted,Unidentified,N,
breaking bad,Unidentified,N,
BlackKingdom,Unidentified,N,
SEPSIS,Unidentified,N,
graysuit,Unidentified,N,
3v3r1s,Unidentified,N,
~~~~,Unidentified,N,
wmfxdqz,Unidentified,N,
Vortex,Unidentified,N,
mkmk,Unidentified,N,
proL0ck,Unidentified,N,
GlobeImposter,Unidentified,N,
Pr0tector,Unidentified,N,
aqva,Unidentified,N,
RanRan,Unidentified,N,
MMTA,Unidentified,N,
KEY0004,Unidentified,N,
cawwcca,Unidentified,N,
zendr4,Unidentified,N,
Estemani,Unidentified,N,
WannaPeace,Unidentified,N,
CryptoShocker,Unidentified,N,
TheTrumpLockerf,Unidentified,N,
eV3rbe,Unidentified,N,
blind,Unidentified,N,
TAKA,Unidentified,N,
babaxed!,Unidentified,N,
Basilisque Locker,Unidentified,N,
POHU,Unidentified,N,
fsvlf4,Unidentified,N,
zes,Unidentified,N,
Storm,Unidentified,N,
LOCK75,Unidentified,N,
Lost_Files_Encrypt,Unidentified,N,
ucftz*,Unidentified,N,
sivo,Unidentified,N,
vari,Unidentified,N,
nostro,Unidentified,N,
xhspythxn,Unidentified,N,
ragnar_44027CDE,Unidentified,N,
fix,Unidentified,Y,Patchfile
lanset,Unidentified,N,
EnCryp13d,Unidentified,N,
SAD,Unidentified,N,
CmdRansomware,Unidentified,N,
Jemd,Unidentified,N,
czvxce,Xorist,N,
SHRUG2,Unidentified,N,
u'*Instraction*,Unidentified,N,
SHRUG,Unidentified,N,
LonleyCrypt,Unidentified,N,
net*,Unidentified,N,
booknish,Unidentified,N,
0wn3dyou,Unidentified,N,
egmwv,Unidentified,N,
LIGHTNING,Unidentified,N,
ZIG,Unidentified,N,
bang,Unidentified,N,
InfoDot,Unidentified,N,
realfs0ciety*,Unidentified,N,
Gibberish,Unidentified,N,
Boruta,Unidentified,N,
TRU8,Unidentified,N,
ykcol,Unidentified,N,
parrot,Unidentified,N,
Ransomnix,Unidentified,N,
MANSORY,Unidentified,N,
banta,Unidentified,N,
cryptfile,Unidentified,N,
BRT92,Unidentified,N,
arrow,Unidentified,N,
volcano,Unidentified,N,
lapoi,Unidentified,N,
XYZ,Unidentified,N,
carlos,Unidentified,N,
eoeo,Unidentified,N,
a5zfn,BadEncriptor,N,
VisionCrypt,Unidentified,N,
doomed,Unidentified,N,
spider,Unidentified,N,
cmb,Unidentified,N,
*obleep,Unidentified,N,
Cyclone,Unidentified,N,
miblqugb,Unidentified,N,
cdrpt,Unidentified,N,
GEFEST,Unidentified,N,
SHARK,Unidentified,N,
NIGGA,Unidentified,N,
GPGQwerty,Unidentified,N,
masok,Unidentified,N,
rag2hdst,Unidentified,N,
4o4,Unidentified,N,
KoxENy1Wq,Unidentified,N,
XHAMSTER,Unidentified,N,
fbuvkngy,Unidentified,N,
vvv,STOP/DJVU,N,
surprise,Evil,N,
rejg,Unidentified,N,
Szymekk,Unidentified,N,
vvao,Unidentified,N,
Ouroboros,Unidentified,N,
[dungeon]-0_0,Unidentified,N,
u'Fie Extension ,Unidentified,N,
RADAMANT,Unidentified,N,
heroset,Unidentified,N,
johnborn@cock_li,Unidentified,N,
allcry,Unidentified,N,
Work,Unidentified,N,
ntu,Unidentified,N,
NOOB,Unidentified,N,
paralock,Unidentified,N,
evil,Unidentified,N,
wyvern,Unidentified,N,
Zenis,Unidentified,N,
Lost_Files,Unidentified,N,
3nCRY,Unidentified,N,
mvp,Unidentified,N,
sys,Unidentified,Y,Datafile(SYGRAPH-SYSTAT-SPSS/PC)
mbit,Unidentified,N,
#ransomwared,Unidentified,N,
HPJ,Unidentified,N,
Encrypted,Unidentified,N,
zeoticus,Unidentified,N,
xuy,Unidentified,N,
PROM,Unidentified,N,
CryForMe,Unidentified,N,
iso,Unidentified,Y,EasyCDCreatorDiscImage
KryptoLocker,Unidentified,N,
wrui,Unidentified,N,
GlobeimposterAlpha865qqz,Unidentified,N,
rand,Unidentified,N,
Stampado,Unidentified,N,
JKOUOGVG,Unidentified,N,
wannacry,Unidentified,N,
BELGIAN_COCOA,Unidentified,N,
KawaiiLocker,Unidentified,N,
gusau,Unidentified,N,
EnCiPhErEd,Globe,N,
KeRanger,Unidentified,N,
payload,Unidentified,N,
03rK,Unidentified,N,
b29,Unidentified,N,
BORISHORSE\u2026,Unidentified,N,
mecury,Unidentified,N,
qkG,Unidentified,N,
gocr,Unidentified,N,
RansomAES,Unidentified,N,
u'*_crypt,Unidentified,N,
un1que,Unidentified,N,
biglock,Unidentified,N,
kslhb,Unidentified,N,
nalog@qq_com,Unidentified,N,
kok,Unidentified,N,
AVCrypt,Unidentified,N,
XCry,Unidentified,N,
CrypMic,Unidentified,N,
GDCB,Unidentified,N,
PEC 2017,Unidentified,N,
ZeroRansom,Unidentified,N,
ZaLtOn,Unidentified,N,
paras1te,Unidentified,N,
wasted,Unidentified,N,
GRANIT,Unidentified,N,
GARMINWASTED,Unidentified,N,
COPAN,Unidentified,N,
WannaDie,Unidentified,N,
ciphered,Unidentified,N,
morseop*,Unidentified,N,
Avest,Unidentified,N,
lookfornewitguy,Unidentified,N,
Stealed,Unidentified,N,
g^od,Unidentified,N,
basslock,Unidentified,N,
ebay,Unidentified,N,
Chimera,Unidentified,N,
Roza,Unidentified,N,
ebal,Unidentified,N,
Locked-In,Unidentified,N,
DEUS,Unidentified,N,
iGotYou,Unidentified,N,
hnx911,Unidentified,N,
OOFNIK,Unidentified,N,
zonecare,Unidentified,N,
boston,Unidentified,N,
ram,Unidentified,Y,Ramfile(RealAudio)
mind,Unidentified,N,
nyan,Unidentified,N,
rat,Unidentified,Y,Datafile(RATS)
seed,Unidentified,N,
rar,Unidentified,Y,CompressedfilearchivecreatedbyRAR(rar1_402.exe)
Crab,Unidentified,N,
spectre,Unidentified,N,
za*,Unidentified,N,
mwahahah,Unidentified,N,
Maoloa,Unidentified,N,
u'(encrypted)*,Unidentified,N,
noblis,Unidentified,N,
Hucky,Unidentified,N,
isolated,Unidentified,N,
Devos,Unidentified,N,
u'MZReverenge*,Unidentified,N,
sgs911,Unidentified,N,
Devon,Unidentified,N,
zimba,Unidentified,N,
malwarehunterteam,Unidentified,N,
powerfuldecrypt,Unidentified,N,
dian,Unidentified,N,
Hermes666,Unidentified,N,
POSHKODER,Unidentified,N,
Doxes,Unidentified,N,
styver,Unidentified,N,
bam!,Unidentified,N,
ZyNoXiOn,Unidentified,N,
x3mpro,Unidentified,N,
DirtyDecrypt,Unidentified,N,
eaaeee,Unidentified,N,
zXz,Unidentified,N,
cryptolocker,WannaCry,N,
wncry,Wana,N,
QP,Unidentified,N,
ILLNEST,Unidentified,N,
Ordinypt,Unidentified,N,
aesir,Globe,N,
UNLIS,Unidentified,N,
alumni,Unidentified,N,
metan,Unidentified,N,
ragnarok,Unidentified,N,
karne,Unidentified,N,
aes_ni_0day,Unidentified,N,
lcphr!Ransom,Unidentified,N,
klavins,Unidentified,N,
#Locky,Unidentified,N,
dop,Unidentified,N,
cerber,Cerber,N,
lyli,Unidentified,N,
82a80,Unidentified,N,
enigma,Locky,N,
Armage,Unidentified,N,
RE78P,Unidentified,N,
OnyxLocker,Unidentified,N,
PAY,Unidentified,N,
0day,Unidentified,N,
XONIF,Unidentified,N,
sage,Cerber,N,
hen_ry_217,Unidentified,N,
rectot,Unidentified,N,
Paradise,Unidentified,N,
dcom,Unidentified,N,
firex3m,Unidentified,N,
Pickles,Unidentified,N,
11111,Unidentified,N,
mordor,Unidentified,N,
szesnl,Unidentified,N,
AWT,Unidentified,N,
GPAA,Unidentified,N,
BadRabbit,Unidentified,N,
eduransom,Unidentified,N,
OhNo!,Unidentified,N,
stop,Unidentified,N,
0x009d8a,Unidentified,N,
KratosCrypt,Unidentified,N,
"sambo,",Unidentified,N,
flowEncryption,Unidentified,N,
Kolobo,Unidentified,N,
HydraCrypt,Unidentified,N,
saturn,Unidentified,N,
tfudet,Unidentified,N,
dlenggrl,Unidentified,N,
zzz12,Unidentified,N,
sguard,Unidentified,N,
bat,Unidentified,Y,Batchfile(DOS)
Russenger,Unidentified,N,
btcbtcbtc,Unidentified,N,
TaRRaK,Unidentified,N,
DEUSCRYPT,Unidentified,N,
NOBAD,Unidentified,N,
FASTBOB,Unidentified,N,
Bqd2,Unidentified,N,
carote,Unidentified,N,
Frendi,Unidentified,N,
[Ke\u2026,Unidentified,N,
enc_robbinhood,Unidentified,N,
kvllyatprotonmaildotch,Unidentified,N,
optimus,Unidentified,N,
parad1gm,Unidentified,N,
6FKR8d,Unidentified,N,
District,Unidentified,N,
lotej,Unidentified,N,
7h9r,Unidentified,N,
JayTHL,Unidentified,N,
0x6A0C8,Unidentified,N,
DMR,Unidentified,N,
sinta,Unidentified,N,
HJAWF,Unidentified,N,
"RU],CRP",Unidentified,N,
CQQUH,Unidentified,N,
canihelpyou,Unidentified,N,
HHFEHIOL,Unidentified,N,
TheDarkEncryptor,Unidentified,N,
cobra,Unidentified,N,
z3r0,Unidentified,N,
peta,Unidentified,N,
Horros,Unidentified,N,
vacv2,Unidentified,N,
norvas,Unidentified,N,
encedRSA,Unidentified,N,
0*,Unidentified,N,
Venusf,Unidentified,N,
lote,Unidentified,N,
credo,Unidentified,N,
LOVE,Unidentified,N,
Quimera,Unidentified,N,
*nochance,Unidentified,N,
Argus,Unidentified,N,
flyper,Unidentified,N,
zbw,Unidentified,N,
adage,Unidentified,N,
HollyCrypt,Unidentified,N,
zbt,Unidentified,N,
ws,Unidentified,Y,Textfile(WordStar5.0-6.0)
wtf,Unidentified,N,
news,Unidentified,N,
Djvuu,Unidentified,N,
RSAUtil,Unidentified,N,
langolier,Unidentified,N,
LOCKED,Unidentified,N,
jbptlio,Unidentified,N,
Navi,Unidentified,N,
pidon,Unidentified,N,
pidom,Unidentified,N,
JLCW2,Unidentified,N,
scorpio,Unidentified,N,
asasin,Unidentified,N,
sorryforthis,Unidentified,N,
china,Unidentified,N,
Heimdall,Unidentified,N,
NGSC,Unidentified,N,
com,Unidentified,Y,Command(memoryimageofexecutableprogram)(DOS)
DriedSister,Unidentified,N,
MCrypt2018,Unidentified,N,
cerber2,Locky,N,
cerber3,LOLI,N,
cerber6,Unidentified,N,
u'*CoronaCrypt*,Unidentified,N,
RAA-SEP,Unidentified,N,
btc-help-you,Unidentified,N,
gopher,Unidentified,N,
_NEMTY_BTKid9H_,Unidentified,N,
RANZYLOCKED,Unidentified,N,
16x,Unidentified,N,
usr0,Unidentified,N,
AES-Matrix,Unidentified,N,
DATASTOP,Unidentified,N,
CONFICKER,Unidentified,N,
MrDec,Unidentified,N,
hitler,Unidentified,N,
LTML,Unidentified,N,
porno,Unidentified,N,
evopro,Unidentified,N,
beef,Unidentified,N,
NIGG3R,Unidentified,N,
wannacash,Unidentified,N,
CRPTXXX,Unidentified,N,
blower,Unidentified,N,
beep,Unidentified,N,
Athena865,Unidentified,N,
beer,Unidentified,N,
Magniber,Unidentified,N,
Maykolin,Unidentified,N,
pr09,Unidentified,N,
CK,Unidentified,N,
arena,Unidentified,N,
redrum,Unidentified,N,
maysomware,Unidentified,N,
Bioawards,Unidentified,N,
info@sharebyy[dot]com,Unidentified,N,
xxx,Merry,Y,SingerSewingMachineProfessionalSewWarefile
keepcalm,Unidentified,N,
Adame,Unidentified,N,
ehre,Unidentified,N,
howcanihelpusir,Unidentified,N,
koti,Unidentified,N,
7ev3n,Unidentified,N,
EMAN50,Unidentified,N,
ABCDEF,Unidentified,N,
tx_locked!,Unidentified,N,
LLTP,Unidentified,N,
Ungluk,Unidentified,N,
petruk,Unidentified,N,
pabluklocker,Unidentified,N,
air,Unidentified,Y,AdobeAIRInstallationPackagefile
7303yt,Unidentified,N,
remk,STOP,N,
2NEW,Unidentified,N,
harma,Unidentified,N,
JB88,Unidentified,N,
codnat,Unidentified,N,
MoonCrypter,Unidentified,N,
tzu,Unidentified,N,
KUAJW,Unidentified,N,
BaLoZiN,Unidentified,N,
lbkut,Unidentified,N,
Pendor,Unidentified,N,
LOL,Unidentified,N,
kirked,Unidentified,N,
WhatAFuck,Unidentified,N,
Epoblockl,Unidentified,N,
madek,Unidentified,N,
mouse,Unidentified,N,
Kriptovor,Unidentified,N,
tunca,Unidentified,N,
sandboxtest,Unidentified,N,
ZariqaCrypt,Unidentified,N,
Tornado,Unidentified,N,
DHDR4,Unidentified,N,
s1crypt,Unidentified,N,
roland,Unidentified,N,
tabe,Unidentified,N,
onyon,Unidentified,N,
RYK!,Unidentified,N,
sigrun,Unidentified,N,
PureLocker,Unidentified,N,
0day0,Unidentified,N,
bunny,Unidentified,N,
voyager,Unidentified,N,
drweb,Unidentified,N,
pubg,PUBG,N,
encryptd,Unidentified,N,
PO1HG,Unidentified,N,
bukyak,Unidentified,N,
abarcy,Unidentified,N,
Zzzz,Unidentified,N,
NOT,Unidentified,N,
KRAB,Unidentified,N,
topi,Unidentified,N,
josep,Unidentified,N,
moka,Unidentified,N,
ztsysjz,Unidentified,N,
LightningCrypt,Unidentified,N,
JFCWF,Unidentified,N,
lpsk,Unidentified,N,
Lulz,Unidentified,N,
_ryp,Unidentified,N,
Anubis,Unidentified,N,
YKUP,Unidentified,N,
dxxd,EdgeLocker,N,
HiddenTear,Unidentified,N,
CRYPTOBOSS,Unidentified,N,
ocean,Unidentified,N,
\u5df2\u52a0\u5bc6,Unidentified,N,
\u043a\u043e\u0441\u0442\u044f,Unidentified,N,
pandora,Unidentified,N,
0riz0n,Unidentified,N,
CryptXXX,Unidentified,N,
djvut,Unidentified,N,
djvur,Unidentified,N,
djvus,Unidentified,N,
djvup,Unidentified,N,
PopCornTime,Unidentified,N,
txd0t!,Unidentified,N,
u'*HERMES,Unidentified,N,
LeChiffre,LeChiffre,N,
kali,Unidentified,N,
DataKeeper,Unidentified,N,
bitpy,Unidentified,N,
nampohyu,Unidentified,N,
kwaaklocked,Unidentified,N,
fairytail,Unidentified,N,
[supportcrypt2019@cock\u2026,Unidentified,N,
IO],Unidentified,N,
mzlq,Unidentified,N,
"TROLL,",Unidentified,N,
myransext2017,Unidentified,N,
legion,KratosCrypt,N,
snake4444,Unidentified,N,
okean*,Unidentified,N,
hac,Unidentified,N,
repter,Unidentified,N,
Fadesoft,Unidentified,N,
OBLIVION,Unidentified,N,
igal,Unidentified,N,
AngryDuck,Unidentified,N,
rlhwasted_info,Unidentified,N,
dutan,Unidentified,N,
locker16,Unidentified,N,
bboo,Unidentified,N,
maya,Rakhni,N,
46d7k,Unidentified,N,
8637,Unidentified,N,
pdff,Unidentified,N,
EVIL,Unidentified,N,
dsec,Unidentified,N,
cryptotorlocker*,Unidentified,N,
TRAPGET,Unidentified,N,
RARE1,Jigsaw,N,
xdata,Unidentified,N,
nacro,Unidentified,N,
judge,Unidentified,N,
aRpt,Unidentified,N,
shadow,Unidentified,N,
lck,Unidentified,Y,Lockfile(Paradox)
aes!,Unidentified,N,
Deniz_K\u0131z\u0131,Unidentified,N,
sz40,Unidentified,N,
middleman2020,Unidentified,N,
VENDETTA,Unidentified,N,
cammora,Unidentified,N,
Fuck_You,Unidentified,N,
CRYPTR,Unidentified,N,
remind,Unidentified,N,
codnet1,Unidentified,N,
lasan,Unidentified,N,
2lwnPp2B,Unidentified,N,
encencenc,Unidentified,N,
insta,Unidentified,N,
ha3,Locky,N,
rcrypted,Unidentified,N,
razy1337,Unidentified,N,
*kraken,Unidentified,N,
pizdosik,Unidentified,N,
CryptoHasYou,Unidentified,N,
deal,Unidentified,N,
HR,Unidentified,N,
Jigsaw,Unidentified,N,
Crypt0,Unidentified,N,
z3zmh,Unidentified,N,
mockba,Unidentified,N,
bora,Unidentified,N,
32aa,Unidentified,N,
vxLock,Unidentified,N,
Cukiesi,Unidentified,N,
Heropoint,Unidentified,N,
daaefc,Unidentified,N,
rhino,Unidentified,N,
Cry36,Unidentified,N,
SadComputer,Unidentified,N,
cnc,Unidentified,Y,CNCgeneralprogramdata
CryptoMix,Unidentified,N,
Prodecryptor,Unidentified,N,
Salsa,Unidentified,N,
cnh,Unidentified,N,
nuclear55,Nuke,N,
dwmapi,Unidentified,N,
Drop,Unidentified,N,
vfcfocxph,Unidentified,N,
burn,Unidentified,N,
Crypto,Unidentified,N,
GoGoogle,Unidentified,N,
promos,Unidentified,N,
Tor+,Unidentified,N,
INFOWAIT,Unidentified,N,
FCT,Unidentified,N,
promoz,Unidentified,N,
ntuseg,Unidentified,N,
peet,Unidentified,N,
Blackout,Unidentified,N,
8lock8,Unidentified,N,
ecure,Unidentified,N,
CryPy,Unidentified,N,
bbawasted,Unidentified,N,
monro,Unidentified,N,
mafee,Unidentified,N,
damoclis,Unidentified,N,
Alix1011RVA,Unidentified,N,
eight,Unidentified,N,
octopus,Unidentified,N,
ribd,Unidentified,N,
combo13,Unidentified,N,
pykw,Unidentified,N,
haters,Unidentified,N,
LockfilesKR,Unidentified,N,
FuckedByGhost,Unidentified,N,
GetCrypt,Unidentified,N,
pays,Jigsaw,N,
restoreserver,Unidentified,N,
r5a,Globe,N,
JDPR,Unidentified,N,
bonsoir,Unidentified,N,
son,Unidentified,Y,Song(SBStudioII)
Encryptor RaaS,Unidentified,N,
0x0,Unidentified,N,
EG83,Unidentified,N,
IEncrypt,Unidentified,N,
mamba,Unidentified,N,
wrar,Unidentified,N,
Venis,Unidentified,N,
decryptional,Unidentified,N,
wal,Unidentified,Y,WinampSkinfile
needkeys,Unidentified,N,
kryptonite,Unidentified,N,
support,Unidentified,N,
fuchsia,Unidentified,N,
COCKROACH,Unidentified,N,
WINDOWS,Unidentified,N,
VindowsLocker,Unidentified,N,
payB,Unidentified,N,
war,Unidentified,Y,JavaWebArchive(usedbyServlets)
clman,Unidentified,N,
happy,Unidentified,N,
sanction,Unidentified,N,
azero,Unidentified,N,
fuckunicornhtrhrtjrj,Unidentified,N,
MegaLocker,Unidentified,N,
iaufkakfhsaraf,Unidentified,N,
SLAV,Unidentified,N,
Dablio,Unidentified,N,
charcl,Unidentified,N,
budak,Unidentified,N,
CockBlocker,Unidentified,N,
sdwwbrb,Unidentified,N,
zoro,Unidentified,N,
SLAM,Unidentified,N,
CORP,Unidentified,N,
u'[KASISKI]*,Unidentified,N,
trun,Unidentified,N,
ITTZN,Unidentified,N,
TaRoNiS,Unidentified,N,
bmtf,Unidentified,N,
uDz2j8mv,Unidentified,N,
litar,Unidentified,N,
SaveTheQueenING,Unidentified,N,
iqy,Unidentified,N,
FilGZmsp,Unidentified,N,
(*dungeon*-0_0),Unidentified,N,
qwex,Unidentified,N,
ovgm,Unidentified,N,
happyness,Unidentified,N,
GEnc,Unidentified,N,
pr0Lock,Unidentified,N,
NEFILIM,Unidentified,N,
sapphire,Unidentified,N,
gesd,Unidentified,N,
iiss,Unidentified,N,
vscrypt,Unidentified,N,
kroput,Unidentified,N,
axx,Dharma,Y,axxessfilesusedasbackupsofInter-Teldatabases
WannaSpam,Unidentified,N,
mails,Unidentified,N,
g\u043eod,Unidentified,N,
Gerber,Unidentified,N,
scarab,Unidentified,N,
ddos,Unidentified,N,
id[*-2275,Unidentified,N,
trix,Unidentified,N,
Mkos,Unidentified,N,
crjoker,Merry,N,
Nutella,Unidentified,N,
encrpt3d,Unidentified,N,
CyberSoldiersST,Unidentified,N,
mole,AxCrypt,N,
shit,HiddenTear/MafiaWare,N,
ktuhzxpi,Unidentified,N,
easyransom,Unidentified,N,
encrypt,Alpha,N,
mwahah*,Unidentified,N,
Ipcrestore,Unidentified,N,
Globeimposter-Alpha865qqz,Unidentified,N,
easy2lock,Unidentified,N,
NEWRAR,Unidentified,N,
*locked,Unidentified,N,
actor,Unidentified,N,
jzphmsfs,Unidentified,N,
LockTaiwan,Unidentified,N,
Help50,Unidentified,N,
rams1,Unidentified,N,
UmbreCrypt,Unidentified,N,
test,Unidentified,Y,TestFileExtension
jenkins,Unidentified,N,
Everbe*,Unidentified,N,
yourransom,Unidentified,N,
fmoon,Unidentified,N,
Ukash,Unidentified,N,
*kb15,Unidentified,N,
NullByte,Unidentified,N,
phoenix,Unidentified,N,
g8R4rqWIp9,Unidentified,N,
Rentyr,Unidentified,N,
xiaoba12,Unidentified,N,
fuXcF,Unidentified,N,
ECLR*,Unidentified,N,
devon,Unidentified,N,
NOT_OPEN,Unidentified,N,
zzzzzzzz,Unidentified,N,
WCRYT,Unidentified,N,
SecureCrypted,Vindows,N,
C0rp0r@c@0Xr@,Unidentified,N,
potato,Shade,N,
Lawvuhqjr,Unidentified,N,
nochance,Unidentified,N,
IFN643,Unidentified,N,
arrepiante,Unidentified,N,
swagkarna,Unidentified,N,
cxkdata,Unidentified,N,
zc3791,Unidentified,N,
spyhunter,Unidentified,N,
badutclowns,Unidentified,N,
AZER,Unidentified,N,
MNS,Unidentified,N,
REvil,Unidentified,N,
cryptowin,Unidentified,N,
FDFK22,Unidentified,N,
rsucozxze,Unidentified,N,
u'*ENCx45cR*,Unidentified,N,
WKSGJ,Unidentified,N,
windows10,PadCrypt,N,
CryptoViki,Unidentified,N,
datun,Unidentified,N,
osk,Unidentified,N,
crypttt,Unidentified,N,
BKRansomware,Unidentified,N,
bomber,Unidentified,N,
Sifrelendi,Unidentified,N,
xiaoba14,Unidentified,N,
CRYPTED000007,Unidentified,N,
katipuneros,Unidentified,N,
#,Unidentified,N,
CROWN,Unidentified,N,
SuperB,Unidentified,N,
0,Unidentified,N,
granny,Unidentified,N,
badday,Unidentified,N,
CTB-Locker,Unidentified,N,
telebak,Unidentified,N,
UCCU,Unidentified,N,
GusCrypter,Unidentified,N,
decodeme666tutanota_com,Unidentified,N,
yakuza,Unidentified,N,
coos,Unidentified,N,
AngleWare,DummyLocker,N,
dCrypt,ZYKLON,N,
coot,Unidentified,N,
hannah,Unidentified,N,
maxicrypt,Unidentified,N,
IQ_IQ,Unidentified,N,
RANDOM,Unidentified,N,
DoNotChange,Unidentified,N,
z8sj2c,Unidentified,N,
o$l,Unidentified,N,
herbst,Jigsaw,N,
anonymous,Unidentified,N,
basilisque@protonmail_com,Unidentified,N,
MailRU,Unidentified,N,
coom,Unidentified,N,
epic,Unidentified,N,
lovewindows,Roga,N,
cezor,Unidentified,N,
die,Unidentified,N,
gui,Unidentified,N,
Snoopdoog,Unidentified,N,
hb15,Unidentified,N,
Nemucod,Unidentified,N,
loveyouisreal,Unidentified,N,
VinDizelPux,Unidentified,N,
team,Unidentified,N,
QH24,Unidentified,N,
NEMTY_*,Unidentified,N,
cosd,Unidentified,N,
abkir,Unidentified,N,
readme_txt,Unidentified,N,
hta,Unidentified,Y,Hypertextapplication
WALAN,Unidentified,N,
htm,Unidentified,Y,HyperTextMarkupLanguagedocument
RexCrypt,Unidentified,N,
kovasoh,Unidentified,N,
kodc,Unidentified,N,
invaded,Unidentified,N,
dyaaghemy,Unidentified,N,
RaRansomware,Unidentified,N,
PyL33T,Unidentified,N,
desucrpt,Unidentified,N,
DATAWAIT,Unidentified,N,
\u043a\u0438\u0431\u0435\u0440 \u0440\u0430\u0437\u0432\u0435\u0442\u0432\u0438\u0442\u0435\u043b\u044c,Unidentified,N,
Seon,Unidentified,N,
oled,Unidentified,N,
plauge17,Unidentified,N,
AES128,Unidentified,N,
BandarChor,Unidentified,N,
hrosas,Unidentified,N,
TELEGRAM,Unidentified,N,
boost,Unidentified,N,
CryFile,Unidentified,N,
TEREN,Unidentified,N,
u'_ryp,Unidentified,N,
2spyware,Unidentified,N,
8be1,Unidentified,N,
Hades666!,Unidentified,N,
agho,Unidentified,N,
DeathHiddenTear,Unidentified,N,
robinhood,Unidentified,N,
garrantydecrypt,Unidentified,N,
MEFILIN,Unidentified,N,
deria,Unidentified,N,
61yhi,Unidentified,N,
\u5e72\u7269\u59b9\uff01,Unidentified,N,
ObcKIn,Unidentified,N,
dewar,Unidentified,N,
dtbc,Unidentified,N,
ME,Unidentified,N,
DESYNC,Unidentified,N,
Zwbowhtlni,Unidentified,N,
triple_m,Unidentified,N,
netn6,Unidentified,N,
lokas,Unidentified,N,
bot,Unidentified,Y,Linkbotfile
1btc,Unidentified,N,
Project57,Unidentified,N,
shifr,Unidentified,N,
NCrypt,Unidentified,N,
aZaZeL,Unidentified,N,
u'zzzzzzzzzzzzzzzzzyyy,Unidentified,N,
eky,Unidentified,N,
DeroHE,Unidentified,N,
PewCrypt,Unidentified,N,
dalle,Unidentified,N,
satan,Unidentified,N,
deadfiles,Unidentified,N,
DilmaLocker,Unidentified,N,
ransomwared,Unidentified,N,
BitPyLock,Unidentified,N,
GLB,Unidentified,N,
ERROR,Unidentified,N,
README,Unidentified,N,
Alma Locker,Unidentified,N,
foqe,Unidentified,N,
fake,Unidentified,N,
djang0unchain3d,Unidentified,N,
mamasitaq,Unidentified,N,
LanRan*,Unidentified,N,
xati,Unidentified,N,
Anatova,Unidentified,N,
serpom,Unidentified,N,
RetMyData,Unidentified,N,
perl,Globe,N,
teslarvng,Unidentified,N,
live,Unidentified,N,
WhiteRose,Unidentified,N,
pleaseCallQQ,Unidentified,N,
todar,Unidentified,N,
ShivaGood,Unidentified,N,
MorrisBatchCrypt,Unidentified,N,
TheDMR,Unidentified,N,
braincrypt,PadCrypt,N,
efji,Unidentified,N,
gropas,Unidentified,N,
XTP,Unidentified,N,
nosafe,Unidentified,N,
Annabelle2,Unidentified,N,
spa\xdf,Unidentified,N,
sthd2,Unidentified,N,
*locker*,Unidentified,N,
DavesSmith,Unidentified,N,
Facebook,Unidentified,N,
WannaSmile,Unidentified,N,
oor,Unidentified,N,
vcrypt,Unidentified,N,
Apocalypse,Unidentified,N,
0D34E0,Unidentified,N,
pornoransom,Unidentified,N,
Reyptson,Unidentified,N,
aes_ni,Unidentified,N,
bumcoder,Unidentified,N,
MZ173801,Unidentified,N,
kraussmfz,Unidentified,N,
jojocrypt,Unidentified,N,
cap,Unidentified,Y,Caption(VenturaPublisher)
CTBL2,Unidentified,N,
purge,Zorro,N,
wallet,Alpha,N,
vally,Unidentified,N,
MindSystem,Unidentified,N,
{XXXXX-EFEE-6C04-D2DC-A9EFA812DD11}!,Unidentified,N,
shino,Unidentified,N,
Spade,Unidentified,N,
wuciwug,Unidentified,N,
crazy,Unidentified,N,
ABAT,Unidentified,N,
lockd,Unidentified,N,
Bucbi,Unidentified,N,
berost,Unidentified,N,
Plague17,Unidentified,N,
vpgvlkb,Unidentified,N,
fuck,Unidentified,N,
14x,Unidentified,N,
Shigo,Unidentified,N,
CryptoFinancial,Unidentified,N,
FindZip,Unidentified,N,
gehenna,Unidentified,N,
REBUS,Unidentified,N,
locky,Locky,N,
vxlock,KimcilWare,N,
adobee,Unidentified,N,
mpaj,Unidentified,N,
mpal,Unidentified,N,
litra,Unidentified,N,
bmn63,Unidentified,N,
SOLO,Unidentified,N,
get,Unidentified,N,
Marozka,Unidentified,N,
1,Unidentified,Y,InnoSetupBinaryfile
odveta,Unidentified,N,
Barak,Unidentified,N,
ZaCaPa,Unidentified,N,
jes,Unidentified,N,
GMPF,Unidentified,N,
DEXTER,Unidentified,N,
nemty,Unidentified,N,
promorad2,Unidentified,N,
010001,Unidentified,N,
hog,Unidentified,N,
YouAreFucked,Unidentified,N,
grod,Unidentified,N,
bondy,Unidentified,N,
YAYA,Unidentified,N,
crashed,Unidentified,N,
wndie,Unidentified,N,
ENCRYPTED_RSA,Unidentified,N,
Netix,Unidentified,N,
data,Unidentified,Y,SidTuneaudiofile
CryptoDarkRubix,Unidentified,N,
BB4-230-*,Unidentified,N,
jungle@anonymousspechcom,Unidentified,N,
CryptConsole,Unidentified,N,
iRansom,Unidentified,N,
stroman,Unidentified,N,
corona,Unidentified,N,
BDKR,Unidentified,N,
switch,Unidentified,N,
viki,Unidentified,N,
block,Unidentified,N,
CreamPie,Unidentified,N,
rnsmwr,Troldesh,N,
DMR64,Unidentified,N,
BG85,Unidentified,N,
ihsdj,Unidentified,N,
tools_ensikology,Unidentified,N,
Recovery,Unidentified,N,
InducVirus,Unidentified,N,
LIN,Unidentified,N,
Bitpaymer,Unidentified,N,
tabufa,Unidentified,N,
Torchwood,Unidentified,N,
mechu4Po,Unidentified,N,
Node0,Unidentified,N,
killedXXX,Unidentified,N,
ZqVIkE,Unidentified,N,
payforunlock,Unidentified,N,
SDEN,Unidentified,N,
blocked,Unidentified,N,
RU,Unidentified,N,
payfordecrypt,Unidentified,N,
group,Unidentified,N,
ranrans,Unidentified,N,
Netwalker,Unidentified,N,
idgm,Unidentified,N,
KEYH0LES,Unidentified,N,
crypt1,Unidentified,N,
vendetta2,Unidentified,N,
JAMES,Unidentified,N,
abstergo,Unidentified,N,
xyz,Merry,Y,ASCIIRPGMakerGraphicFormat
limbo,Unidentified,N,
cryptgh0st,Unidentified,N,
u'*msptermthemes*,Unidentified,N,
Sister,Unidentified,N,
ZeroFucks,Unidentified,N,
ryx,Unidentified,N,
J91D,Unidentified,N,
Atom,Unidentified,N,
lalo,Unidentified,N,
WECANHELP,Unidentified,N,
HRM,Unidentified,N,
a990,Unidentified,N,
Protected,Unidentified,N,
TeslaCrypt,Unidentified,N,
kkk,Herbst,N,
cheetah,Unidentified,N,
Kerkoporta,Unidentified,N,
sysdown,Unidentified,N,
TurkStatik,Unidentified,N,
CryLocker,Unidentified,N,
crypte,Jigsaw,N,
spybuster,Unidentified,N,
Badboy,Unidentified,N,
crypto,Unidentified,N,
KAxoAgY,Unidentified,N,
checkdiskenced,Unidentified,N,
PoAr2w,Jigsaw,N,
SATANA,Unidentified,N,
cryptz,Unidentified,N,
prosperous666,Unidentified,N,
KICK,Unidentified,N,
ExecutionerPlus,Unidentified,N,
fat32,Unidentified,N,
paym,Al-Namrood,N,
krab,GandCrab,N,
info@mymail9[dot]com,Unidentified,N,
BtCry_zip,Unidentified,N,
u'_HELP_HELP_HELP_*,Unidentified,N,
wcry,El-Polocker,N,
qewe,Unidentified,N,
DeathRansom,Unidentified,N,
proden,Unidentified,N,
Arsium,Unidentified,N,
ZIEBF_4561drgf,Unidentified,N,
NEMTY_AJORCUS,Unidentified,N,
ferosas,Unidentified,N,
space,Unidentified,N,
KokoKrypt,Unidentified,N,
crypted034,Unidentified,N,
bkc,Unidentified,N,
blm,Unidentified,N,
iudgkwv,Unidentified,N,
ShkolotaCrypt,Unidentified,N,
Jager,Unidentified,N,
L0CKED,Unidentified,N,
Yakes,Unidentified,N,
hck,Unidentified,N,
CryptoGod,Unidentified,N,
evillock,Gremit,N,
W0YR8,Unidentified,N,
loptr,Unidentified,N,
Zimbra,Unidentified,N,
browec,Unidentified,N,
CryptInfinite,Unidentified,N,
Vurten,Unidentified,N,
Lockify,Unidentified,N,
OXR,Unidentified,N,
eddldzor,Unidentified,N,
plomb,Unidentified,N,
RENSENWARE,Unidentified,N,
conficker,Phishing,N,
eject,Unidentified,N,
Sigma,Unidentified,N,
JezRoz,Unidentified,N,
blind2,Unidentified,N,
hc6,Unidentified,N,
hc7,Unidentified,N,
OpJerusalem,Unidentified,N,
Shujin,Unidentified,N,
n3xtpharma,Unidentified,N,
pandemic,Unidentified,N,
israbye,Unidentified,N,
Elder,Unidentified,N,
crypted_bizarrio@pay4me_in,Unidentified,N,
yum,Unidentified,N,
besub,Unidentified,N,
gtsc,Unidentified,N,
Elbie,Unidentified,N,
Prom[*],Unidentified,N,
dotmap,Unidentified,N,
u'*FDFK*INFO*,Unidentified,N,
Elvis,Unidentified,N,
exotic,Jigsaw,N,
wiki,Unidentified,N,
oni,Unidentified,N,
CryptoLocker3,Unidentified,N,
leenapidx,Unidentified,N,
MERS,Unidentified,N,
encryptedAES,Unidentified,N,
xz,Unidentified,Y,XZCompressedArchivefile
onx,Unidentified,N,
arazite,Unidentified,N,
KEYHOLES,Unidentified,N,
TABGH,Unidentified,N,
org*,Unidentified,N,
Comrade Circle,Unidentified,N,
district,Unidentified,N,
gif,Unidentified,Y,GraphicsInterchangeFormatbitmapgraphics(CompuShow)
arch,Unidentified,N,
NHLP,Unidentified,N,
c0hen,Unidentified,N,
poyvonm,Unidentified,N,
plastic,Unidentified,N,
aulmhwpbpz,Unidentified,N,
iwanttits,Unidentified,N,
htrs,Unidentified,N,
SintaLocker,Unidentified,N,
tfude,Unidentified,N,
gefest,Unidentified,N,
copa,Unidentified,N,
diller13,Unidentified,N,
pnr,Unidentified,N,
KeyBTC,Unidentified,N,
snatch,Unidentified,N,
FRS,Unidentified,N,
robbinhood,Unidentified,N,
SIGARETA,Unidentified,N,
Ox4444,Unidentified,N,
ZoToN,Unidentified,N,
YOUR_LAST_CHANCE,Unidentified,N,
yyto,Unidentified,N,
png,Unidentified,Y,Bitmapgraphics(PortableNetworkGraphics)
4x82N,Unidentified,N,
PPDDDP,Unidentified,N,
serp,Serpent,N,
SecureCrypte,Unidentified,N,
smpl,Unidentified,N,
MireWare,Unidentified,N,
everbe,Unidentified,N,
crypted_marztoneb@tutanota_de,Unidentified,N,
werd,Unidentified,N,
jupstb,Unidentified,N,
lmas,Unidentified,N,
nypd,Unidentified,N,
Pig4444,Unidentified,N,
Bitshifter,Unidentified,N,
Harzhuangzi,Unidentified,N,
PANDA,Unidentified,N,
justbtcwillhelpyou,Unidentified,N,
gerosan,Unidentified,N,
obagarmrk,Unidentified,N,
btc,Samsam,N,
mo7n,Unidentified,N,
DG,Unidentified,N,
H@RM@,Unidentified,N,
Philadelphia,Unidentified,N,
vesrato,Unidentified,N,
p3rt4m1n4777,Unidentified,N,
loki,Unidentified,N,
crypt888,Unidentified,N,
rent,Unidentified,N,
pysa,Unidentified,N,
rgnk,Unidentified,N,
ADR,Unidentified,N,
Valley,Unidentified,N,
lokf,Unidentified,N,
grupothermot3k,Unidentified,N,
lokd,Unidentified,N,
geminis3,Unidentified,N,
Alienlock,Unidentified,N,
0402,Unidentified,N,
yoAD,Unidentified,N,
zoh,Unidentified,N,
Useless,Unidentified,N,
jodis,Unidentified,N,
ZINO,Unidentified,N,
u'*snowpicnic*,Unidentified,N,
_enc,Unidentified,N,
wcg,Unidentified,N,
rogue,Unidentified,N,
HadesLocker,Unidentified,N,
wch,Unidentified,N,
omfl,Unidentified,N,
bk666,Unidentified,N,
happythreechoose,Unidentified,N,
bagli,Unidentified,N,
r3store,Unidentified,N,
pain,Unidentified,N,
cockista,Unidentified,N,
cryp,Unidentified,N,
Montserrat,Unidentified,N,
MH24,Unidentified,N,
SaveTheQueen,Unidentified,N,
bitkangoroo,Unidentified,N,
DERZKO,Unidentified,N,
ChineseRarypt,Unidentified,N,
net,Unidentified,Y,Networkconfiguration/infofile
SYMMYWARE,Unidentified,N,
u'Your files encrypted by our friends !!! txt,Unidentified,N,
fantom,Legion,N,
cetori,Unidentified,N,
PC-FunHACKED*,Unidentified,N,
mogera,Unidentified,N,
ExpBoot!,Unidentified,N,
PLIN,Unidentified,N,
GoRansom,Unidentified,N,
rezuc,Unidentified,N,
PNG,Unidentified,N,
bado,Unidentified,N,
Black Shades,Unidentified,N,
jamper,Unidentified,N,
3301,Unidentified,N,
mbed,Unidentified,N,
si\u2026,Unidentified,N,
networkmaze,Unidentified,N,
lockbit,Unidentified,N,
SKYSTARS,Unidentified,N,
tron,Unidentified,N,
wooly,Unidentified,N,
u'*_luck,Unidentified,N,
GRHAN,Unidentified,N,
doubleoffset,Unidentified,N,
XiaoBa,Unidentified,N,
Dusk!,Unidentified,N,
lolkek,Unidentified,N,
SARS-CoV-2,Unidentified,N,
QuakeWay,Unidentified,N,
Gate,Unidentified,N,
mmnn,Unidentified,N,
kir,Unidentified,N,
xcrypt,Unidentified,N,
nemesis,Unidentified,N,
Nano,Unidentified,N,
fordan,Unidentified,N,
$anta,Unidentified,N,
clown+,Unidentified,N,
HELLO,Unidentified,N,
Exocrypt XTC,Unidentified,N,
BUSH,Unidentified,N,
actin,Unidentified,N,
disposed2017,Unidentified,N,
craftul,Unidentified,N,
Hakbit,Unidentified,N,
Datalock,Unidentified,N,
guarded,Unidentified,N,
HAM,Unidentified,N,
ZimbraCryptor,Unidentified,N,
antihacker2017,Ruby,N,
cRh8,Unidentified,N,
repp,Unidentified,N,
pizda@qq_com,Unidentified,N,
repl,Unidentified,N,
Cruel,Unidentified,N,
I'WANT MONEY,Unidentified,N,
nobu,Unidentified,N,
SEVENDAYS,Unidentified,N,
CGAIE,Unidentified,N,
xwz,Unidentified,N,
Apocalypse (New Variant),Unidentified,N,
vvoa,Unidentified,N,
FunFact,Unidentified,N,
cspider,Unidentified,N,
poolezoor,Unidentified,N,
ybtn,Unidentified,N,
ispfv,Unidentified,N,
bclaw,Unidentified,N,
Horsuke,Unidentified,N,
hjgdl,Unidentified,N,
seccrypt,Unidentified,N,
Winnix,Unidentified,N,
shinigami,Unidentified,N,
QwertyCrypt,Unidentified,N,
kes$,Unidentified,N,
TrumpLocker,Unidentified,N,
obfuscated,Unidentified,N,
sr0yz,Unidentified,N,
zuadr,Unidentified,N,
MongoLock,Unidentified,N,
cizer,Unidentified,N,
firecrypt,Unidentified,N,
WHY\u2026,Unidentified,N,
 tcwwasted,Unidentified,N,
com2,Unidentified,N,
CryptoTorLocker2015!,Unidentified,N,
UserFilesLocker,Unidentified,N,
spora,Cryptorium,N,
3RNu,Unidentified,N,
xienvkdoc,Unidentified,N,
com*,Unidentified,N,
magic_software_syndicate,Unidentified,N,
criptokod,Unidentified,N,
encr,STOP,N,
Novosof,Unidentified,N,
yoewy,Unidentified,N,
euclid,Unidentified,N,
sport,Unidentified,N,
ABCLocker,Unidentified,N,
VoidCrypt,Unidentified,N,
ddsg,Unidentified,N,
asdasdasd,Unidentified,N,
cymcrypt,Unidentified,N,
BAWSUOOXE,Unidentified,N,
HDDCryptor,Unidentified,N,
JobCrypter,Unidentified,N,
3P7m,Unidentified,N,
ArmaLocky,Unidentified,N,
breakingbad,Unidentified,N,
492,Unidentified,N,
dohfzdod,Unidentified,N,
encS,Unidentified,N,
DARKCRY,Unidentified,N,
ONIX,Unidentified,N,
amba,Unidentified,N,
better_call_saul,Unidentified,N,
andymarvin,Unidentified,N,
kook,Unidentified,N,
SplinterJoke,Unidentified,N,
CryptoFortress,Unidentified,N,
com},Unidentified,N,
domn,Unidentified,N,
gankLocked,Unidentified,N,
HildaCrypt,Unidentified,N,
jp,Unidentified,N,
Srpx,Unidentified,N,
GandCrab,Unidentified,N,
heronpiston,Unidentified,N,
lilocked,Unidentified,N,
spare,Unidentified,N,
animus,Unidentified,N,
5ss5c,Unidentified,N,
jewsomware,Unidentified,N,
oplata@qq_com,Unidentified,N,
js,Unidentified,Y,"MicrosoftScriptingLanguage""JScript""fileextension"
cripto,Unidentified,N,
jc,Unidentified,N,
coverton,WildFire,N,
todarius,Unidentified,N,
WWW,Unidentified,N,
stun,Unidentified,N,
com],Unidentified,N,
rsa,Unidentified,N,
kjh,Unidentified,N,
nile,Unidentified,N,
wtdi,Unidentified,N,
daris,Unidentified,N,
ddpcbi,Unidentified,N,
LOCKOUT,Unidentified,N,
clf,Unidentified,N,
FenixLocker,Unidentified,N,
Ransom,Unidentified,N,
sett4545,Unidentified,N,
Hades666,Unidentified,N,
kvag,Unidentified,N,
CHIP,Unidentified,N,
ekvf,Unidentified,N,
prus,Unidentified,N,
jest,Unidentified,N,
exploit,Unidentified,N,
KARLOS,Unidentified,N,
20dfs,Unidentified,N,
LGAWPULM,Unidentified,N,
COM,Unidentified,N,
1cbu1,TeslaCrypt,N,
promock,Unidentified,N,
upd9ykc65v,Unidentified,N,
aajf,Unidentified,N,
CASH,Unidentified,N,
randomname-*,Unidentified,N,
recry1,Unidentified,N,
CSP Ransomware,Unidentified,N,
firmabilgileri,Unidentified,N,
PLUT,Unidentified,N,
mars,Unidentified,N,
__NIST_K571__,Unidentified,N,
505,Unidentified,N,
FrozrLock,Unidentified,N,
godra,Unidentified,N,
SAVEfiles,Unidentified,N,
nusm,Unidentified,N,
COM],Unidentified,N,
InsaneCrypt,Unidentified,N,
cobain,Unidentified,N,
moresa,Unidentified,N,
Kiratos,Unidentified,N,
zobm,Unidentified,N,
Wulfric,Unidentified,N,
qbtex,Unidentified,N,
gr3g,Unidentified,N,
bmp,Unidentified,Y,Bitmapgraphics(PCPaintbrush-many)
hv88g2,Unidentified,N,
Team XRat,Unidentified,N,
newlock,Unidentified,N,
mmpa,Unidentified,N,
ruby,Donald,N,
Fappy,Unidentified,N,
AnteFrigus,Unidentified,N,
ogdo,Unidentified,N,
6be31,Unidentified,N,
com_,Unidentified,N,
Tesla,Unidentified,N,
midwestsurinc,Unidentified,N,
qwerty,Unidentified,N,
boroff,Unidentified,N,
Wx7A6,Unidentified,N,
id-3044989498_x3m,Unidentified,N,
kobos,Unidentified,N,
Crypt0L0cker,Unidentified,N,
medsv162,Unidentified,N,
pwned,Unidentified,N,
RandomLocker,Unidentified,N,
GNS,Unidentified,N,
mariacbc,Unidentified,N,
locked_by_mR_Anonymous(TZ_HACKERS),Unidentified,N,
bvjznsjlo,Unidentified,N,
bufas,Unidentified,N,
AIR,Unidentified,N,
b78vi7v6ri66b,Unidentified,N,
corona-lock,Unidentified,N,
embrace,Unidentified,N,
omerta,Unidentified,N,
cmsnwned,Unidentified,N,
SoFucked,Unidentified,N,
Hidden,Unidentified,N,
EZDZ,Unidentified,N,
OGONIA,Unidentified,N,
neras,Unidentified,N,
PAYLOADBIN,Unidentified,N,
okokokokok,Unidentified,N,
bript,help_dcfile,N,
Void,Unidentified,N,
pepe,Unidentified,N,
Ranion,Unidentified,N,
same,Unidentified,N,
URL,Unidentified,N,
Nyton,Unidentified,N,
pigzqbqnvbu,Unidentified,N,
chech,Unidentified,N,
rontok,Unidentified,N,
bagi,Unidentified,N,
week,Unidentified,N,
luboversova148,Unidentified,N,
paymrss,Jigsaw,N,
safe,Unidentified,N,
R4bb0l0ck,Unidentified,N,
gws,Unidentified,N,
io,Unidentified,Y,CompressedfilearchivecreatedbyCPIO
BlackHat,Unidentified,N,
toxcrypt,Unidentified,N,
edgel,Jigsaw,N,
{25BF1879-A2DC-B66A-3CCC-XXXXXXXXXXXX},Unidentified,N,
emsisosisoft,Unidentified,N,
bananaCrypt,Unidentified,N,
vault,Unidentified,N,
LockCrypt,Unidentified,N,
Banks,Unidentified,N,
Technomous*,Unidentified,N,
eth,Unidentified,Y,Document(Ethnograph3)
nesa,Unidentified,N,
C1H,Unidentified,N,
ap19,Unidentified,N,
UIK1J,Unidentified,N,
PEDANT,Unidentified,N,
Brazilian Ransomware,Unidentified,N,
GSupport3,Unidentified,N,
DiskDoctor,Unidentified,N,
htm*,Unidentified,N,
crypt,Locky,N,
ccd,Unidentified,Y,CloneCDRelatedfile
Deniz_kizi,Unidentified,N,
TraNs,Unidentified,N,
maktub,Unidentified,N,
MZ434376,Unidentified,N,
A604AF9070,Unidentified,N,
DecYourData,Unidentified,N,
Puma,Unidentified,N,
dedo,Unidentified,N,
xorist,Unidentified,N,
ohwqg,Unidentified,N,
PrincessLocker,Unidentified,N,
gdb,Unidentified,Y,InterbaseDatabase
bguu,Unidentified,N,
kill,Unidentified,N,
YTBL,Unidentified,N,
Spyro,Unidentified,N,
crybrazil,Unidentified,N,
gehad,Unidentified,N,
megacortex,Unidentified,N,
solaso,Unidentified,N,
lambda_l0cked,Unidentified,N,
vrmrkz,Unidentified,N,
CRYPTOBYTE,Unidentified,N,
excuses,Unidentified,N,
foop,Unidentified,N,
mike!Ransom,Unidentified,N,
sambo,Unidentified,N,
leto,Unidentified,N,
#__EnCrYpTED_BY_dzikusssT3AM_ransomware!__#,Unidentified,N,
ded,Unidentified,N,
RHMLM,Unidentified,N,
bloc,Unidentified,N,
brickr,Unidentified,N,
hilegofprencrp,Unidentified,N,
Czlock,Unidentified,N,
Tiger4444,Unidentified,N,
Gomasom,Unidentified,N,
somik1,Unidentified,N,
BetaSup,Unidentified,N,
SONIC,Unidentified,N,
Adair,Unidentified,N,
BB Ransomware,Unidentified,N,
wowwhereismyfiles,Unidentified,N,
Blue Blackmail,Unidentified,N,
dark,Unidentified,N,
leen,Unidentified,N,
criptiko,Unidentified,N,
kuntzware,Unidentified,N,
weapologize,Unidentified,N,
justice,Unidentified,N,
YIAQDG,Unidentified,N,
BRAINCRYPT,Unidentified,N,
dodoc,Unidentified,N,
acute,Unidentified,N,
nosu,Unidentified,N,
##___POLICJA!!!___TEN_PLIK_ZOSTA,Unidentified,N,
Kasiski,Unidentified,N,
Halloware,Unidentified,N,
black007,Unidentified,N,
xiaoba3,Unidentified,N,
Medusa,Unidentified,N,
btos,Unidentified,N,
GOTYA,Unidentified,N,
Io],Unidentified,N,
WonderCrypter,Unidentified,N,
ADHUBLLKA,Unidentified,N,
ezz,7ev3n,Y,eZBackupbackupfile
LSOBKMHG,Unidentified,N,
Amnesia2,Unidentified,N,
pstKll,Unidentified,N,
RSplited,Unidentified,N,
Blind 2,Unidentified,N,
nlah,Unidentified,N,
ID83994902,Unidentified,N,
divine,Unidentified,N,
impect,Unidentified,N,
wncryt,Unidentified,N,
dragnea,Unidentified,N,
ZW,Unidentified,N,
u'*@gmail_com_*,Unidentified,N,
Dcrtr,Unidentified,N,
mool,Unidentified,N,
SADStory,Unidentified,N,
u'*_nullbyte*,Unidentified,N,
666,Unidentified,N,
noos,Unidentified,N,
911,Unidentified,N,
x3m,Unidentified,N,
drume,Unidentified,N,
SilentDeath,Unidentified,N,
Mobef,Unidentified,N,
Nhtnwcuf,Unidentified,N,
ever101,Unidentified,N,
a19,Unidentified,N,
ctbl,Unidentified,N,
MDEN,Unidentified,N,
Zyr,Unidentified,N,
nmc,Unidentified,N,
yyy0,Unidentified,N,
Malki,Unidentified,N,
acc,Unidentified,Y,Program(DR-DOS-ViewMax)(GEM/resident)
stone,Unidentified,N,
Flux,Unidentified,N,
ScareCrow,Unidentified,N,
HTM,Unidentified,N,
luceq,Unidentified,N,
B10CKED,Unidentified,N,
razarac,Unidentified,N,
cring,Unidentified,N,
crinf,TorrentLocker,N,
KCW,Unidentified,N,
akaibvn,Unidentified,N,
see_read_me,Unidentified,N,
Flatcher3,Unidentified,N,
raldug,Unidentified,N,
##ENCRYPTED_BY_pablukl0cker##,Unidentified,N,
refols,Unidentified,N,
backup,Unidentified,Y,Ad-AwareReferencefile
amber,Unidentified,N,
[ID]*[ID],Unidentified,N,
realfs0ciety@sigaint.org.fs0ciety,Derp,N,
UNIT09,Unidentified,N,
lcphr,Unidentified,N,
xfile,Unidentified,N,
CorruptCrypt,Unidentified,N,
gomer,Unidentified,N,
guvara,Unidentified,N,
CerberTear,Unidentified,N,
adobe,Unidentified,N,
u'*qq_com*,Unidentified,N,
banks*,Unidentified,N,
CryptedOpps,Unidentified,N,
ZoLiSoNaL,Unidentified,N,
Clouded,Unidentified,N,
stare,Unidentified,N,
Meteoritan,Unidentified,N,
RRK,Unidentified,N,
NegozI,Unidentified,N,
shelbyboom,Unidentified,N,
wintenzz,Unidentified,N,
pulsar1,Unidentified,N,
lol,Unidentified,N,
ONION,Unidentified,N,
Yqbdpevbz,Unidentified,N,
sVn,Unidentified,N,
u'*qibfmkeM5*,Unidentified,N,
CryptoTorLocker,Unidentified,N,
truke,Unidentified,N,
crypted_pony_test_build_xxx_xxx_xxx_xxx_xxx,Unidentified,N,
cr020801,Unidentified,N,
anami,Unidentified,N,
encryptedbyBB,Unidentified,N,
DeathNote,Unidentified,N,
gore,Unidentified,N,
REVENGE ,Unidentified,N,
a800,Unidentified,N,
fezmm,Unidentified,N,
a6f2t,Unidentified,N,
MTC,Unidentified,N,
DoubleLocker,Unidentified,N,
kgpvwnr,Unidentified,N,
zypto*,Unidentified,N,
oslawcmme,Unidentified,N,
recme,Unidentified,N,
areyoulovemyrans,Unidentified,N,
bhacks,Unidentified,N,
doc,Unidentified,Y,Documenttextfile
scrcrw,Unidentified,N,
promorad,Unidentified,N,
e4m,Unidentified,N,
tedcrypt,Unidentified,N,
ogre,Unidentified,N,
kroput1,Unidentified,N,
cbf,Unidentified,Y,CalendarBuilderfile
ad,Unidentified,Y,Screensaverdata(AfterDark)
USA,Unidentified,N,
Black Feather,Unidentified,N,
felix,Unidentified,N,
SBLOCK,Unidentified,N,
deep,Unidentified,N,
CryptoDefense,Unidentified,N,
MILIHPENN,Unidentified,N,
BadEncript,Unidentified,N,
JapanLocker,Unidentified,N,
GrAnoSinSa,Unidentified,N,
covid21,Unidentified,N,
CRYZP,Unidentified,N,
popotic,Unidentified,N,
bmd,Unidentified,N,
dbger,Unidentified,N,
Cl0p,Unidentified,N,
WORMCRYPT0R,Unidentified,N,
COM}CMG,Unidentified,N,
Termite,Unidentified,N,
skvtb,Unidentified,N,
Apollon865,Unidentified,N,
bloccato,Unidentified,N,
5,Unidentified,N,
madebyadam,Phishing,N,
Tfudeq,Unidentified,N,
notfoundrans,Unidentified,N,
da_vinci_code,Unidentified,N,
poop,Unidentified,N,
TotalWipeOut,Unidentified,N,
lokitus,Unidentified,N,
unwa,Unidentified,N,
Lazarus+!,Unidentified,N,
slank,Unidentified,N,
poof,Unidentified,N,
mammon,Unidentified,N,
HKCrypt,Unidentified,N,
LMAOxUS,Unidentified,N,
TxT,Unidentified,N,
yq75w627,Unidentified,N,
javalocker,Unidentified,N,
raid10,Princess,N,
CEBER3,Unidentified,N,
xiaoba29,Unidentified,N,
ryk,Unidentified,N,
sophos,Unidentified,N,
UselessFiles,Unidentified,N,
ndpyhss,Unidentified,N,
DynA-Crypt,Unidentified,N,
DeLpHiMoRiX*,Unidentified,N,
osnoed,Unidentified,N,
TROLL,Unidentified,N,
Txt,Unidentified,N,
oral,Unidentified,N,
RotorCrypt,Unidentified,N,
ndarod,Unidentified,N,
scl,Unidentified,N,
pola,Unidentified,N,
AMJIXIUS,Unidentified,N,
skeleton,Unidentified,N,
619-300-6500,Unidentified,N,
IWANT,Unidentified,N,
Marduk,Unidentified,N,
Unknown,Unidentified,N,
pfanz,Unidentified,N,
pcqq,Unidentified,N,
com}MTP,Unidentified,N,
24H,Unidentified,N,
krzffw,Unidentified,N,
chekyshka,Unidentified,N,
HolyCrypt,Unidentified,N,
HakunaMatata,Unidentified,N,
mp3,TeslaCrypt,Y,mp3PROAudiofile
ENCR,Unidentified,N,
SilentSpring,Unidentified,N,
gommemode,Unidentified,N,
alcatraz,Satan,N,
shutdown57,Unidentified,N,
{CRYPTENDBLACKDC},Unidentified,N,
bitstak,Magic,N,
henry217,Unidentified,N,
cov19,Unidentified,N,
pecunia,Unidentified,N,
GOTHAM,Unidentified,N,
VBRANSOM,Unidentified,N,
PwndLocker,Unidentified,N,
TeOnS,Unidentified,N,
Mcafee,Unidentified,N,
MERIN,Unidentified,N,
CYRON,Unidentified,N,
crimson,Unidentified,N,
MDRL,Unidentified,N,
bgCIb,Unidentified,N,
7jo22z5m,Unidentified,N,
ragnar_*,Unidentified,N,
u'*_ryp,Unidentified,N,
TheTrumpLockerp,Unidentified,N,
BeethoveN,Unidentified,N,
FastWind,Unidentified,N,
JosepCrypt,Unidentified,N,
Whereisyourfiles,PyL33T,N,
encryptedped,Unidentified,N,
mn*,Unidentified,N,
M0rphine,Unidentified,N,
ROGER,Unidentified,N,
Chartogy,Unidentified,N,
REBL,Unidentified,N,
ramen,Unidentified,N,
FreeMe,Unidentified,N,
DarkoderCryptor,Unidentified,N,
Enfp,Unidentified,N,
clinTON,Unidentified,N,
jimm,Unidentified,N,
lisp,Unidentified,N,
angus,Unidentified,N,
[Delta]*,Unidentified,N,
dodged,Unidentified,N,
bablo,Unidentified,N,
AHP,Unidentified,N,
Unlock26,Unidentified,N,
vindows,RektLocker,N,
MarsJoke,Unidentified,N,
{XXXXXXX-588E-7D5B-AED1-2CD51808DE12},Unidentified,N,
veracrypt,Unidentified,N,
dodger,Unidentified,N,
JoeGo,Unidentified,N,
Fabiansomware,Unidentified,N,
PhantomChina,Unidentified,N,
weencedufiles,Unidentified,N,
INFECTION,Unidentified,N,
x1881,Unidentified,N,
BDDY,Unidentified,N,
xiaoba9,Unidentified,N,
xiaoba8,Unidentified,N,
abc,Xorist,Y,ActionScriptByteCodeFile
darkness,FileLocker,N,
GILLETTE,Unidentified,N,
clock,Unidentified,N,
1500dollars,Unidentified,N,
sun,Unidentified,Y,Sunrasterfilegraphics
SunCrypt,Unidentified,N,
MOLE66,Unidentified,N,
xiaoba5,Unidentified,N,
xiaoba4,Unidentified,N,
xiaoba7,Unidentified,N,
YBNT,Unidentified,N,
AFD,Unidentified,N,
u'*unluckyware*,Unidentified,N,
masodas,Unidentified,N,
BOMBO,Unidentified,N,
xiaoba2,Unidentified,N,
sux,Unidentified,N,
muhstik,Unidentified,N,
Rektware,Unidentified,N,
hceem,Unidentified,N,
yrnb,Unidentified,N,
mbrcodes,Unidentified,N,
easyransom!,Unidentified,N,
toec,Unidentified,N,
TRAPGET!,Unidentified,N,
NEPHILIM,Unidentified,N,
nusar,Unidentified,N,
bgtx,Unidentified,N,
gigahertz,Unidentified,N,
lotep,Unidentified,N,
hasp,Unidentified,N,
razy,KeRanger,N,
howareyou,Unidentified,N,
tortoise,Unidentified,N,
gangbang,Unidentified,N,
resurrection,Unidentified,N,
PshCrypt,Unidentified,N,
himr,Unidentified,N,
creepy,Unidentified,N,
RSA2048Pro,Unidentified,N,
paymrts,Unidentified,N,
block_file12,Unidentified,N,
dglnl,Unidentified,N,
73i87A,Globe,N,
PowerLocky,Unidentified,N,
vovalex,Unidentified,N,
Globeimposter*,Unidentified,N,
via,Unidentified,N,
wq2k,Unidentified,N,
Petya,Unidentified,N,
YOLO,Unidentified,N,
africa,Unidentified,N,
Atchbo,Unidentified,N,
hncdumn,Unidentified,N,
hrhr,Unidentified,N,
FUSION,Unidentified,N,
KRONOS,Unidentified,N,
RABBIT,Unidentified,N,
CNMHR,Unidentified,N,
bleepYourFiles,Unidentified,N,
FCP,Unidentified,N,
eye,Unidentified,N,
u'*@LOCKED,Unidentified,N,
RansomWarrior,Unidentified,N,
darus,Unidentified,N,
brrr,Unidentified,N,
omnisphere,Unidentified,N,
lock93,Jigsaw,N,
charck,Unidentified,N,
AdamLocker,Unidentified,N,
NEMTY_VFFXXXX,Unidentified,N,
Globe3,Unidentified,N,
sepsys,Unidentified,N,
nef1lim,Unidentified,N,
hcked,Unidentified,N,
flat,Unidentified,N,
lockerxxs,Unidentified,N,
96e2,Unidentified,N,
troyancoder@qq_com,Unidentified,N,
BIG1,Unidentified,N,
ONYX,Unidentified,N,
encryptedRSA,Unidentified,N,
Erica,Unidentified,N,
LTC,Unidentified,N,
Frivolity,Unidentified,N,
ONYC,Unidentified,N,
tanos,Unidentified,N,
HCY!!,Unidentified,N,
wdie,Unidentified,N,
fmk-ta3-7ym,Unidentified,N,
wowreadfordecryp,Unidentified,N,
anon000,Unidentified,N,
pahd,Unidentified,N,
explorer,Unidentified,N,
maniac,Unidentified,N,
powned,Unidentified,N,
hydracrypt_ID_*,Unidentified,N,
K8VfiZ,Unidentified,N,
SUSPENDED,Unidentified,N,
Persephone666,Unidentified,N,
dec,Unidentified,Y,VersaProDeclarationfile
kci0n,Unidentified,N,
SF,Unidentified,N,
Minotaur,Unidentified,N,
AUDIT,Unidentified,N,
CryptoHitman,Unidentified,N,
fsociety,Unidentified,N,
Prandel,Unidentified,N,
junked,Unidentified,N,
herad,Unidentified,N,
wlu,Unidentified,N,
biden,Unidentified,N,
VaNdElIs,Unidentified,N,
Defray,Unidentified,N,
SO0i,Unidentified,N,
u'CRYPTOID_*,Unidentified,N,
Sal13,Unidentified,N,
C-VIR,Unidentified,N,
FLKR,Unidentified,N,
u'*!DMAlock*,Unidentified,N,
mapo,Unidentified,N,
hackdoor,Unidentified,N,
ms13,Unidentified,N,
stj888,Unidentified,N,
weui,Unidentified,N,
WannaCry*,Unidentified,N,
PClock,Unidentified,N,
carcn,Unidentified,N,
ryp,Unidentified,N,
DEDCryptor,Unidentified,N,
Z81928819,Unidentified,N,
HelpDCFile,Unidentified,N,
PaySafeGen,Unidentified,N,
n7ys81w,Unidentified,N,
FEEDC,Unidentified,N,
AB89,Unidentified,N,
njkwe,Unidentified,N,
Artemis,Unidentified,N,
L1LL,Unidentified,N,
bkp,Unidentified,Y,Backupfile(Write-TurboVidionDialogDesigner)
ZRB,Unidentified,N,
keybtc@inbox,Unidentified,N,
pablukCRYPT,Unidentified,N,
a,Unidentified,Y,Adasourcecodefile
Cry9,Unidentified,N,
Simple_Encoder,Unidentified,N,
RSA,Unidentified,N,
wncrypt,Unidentified,N,
R16m01d05,TeslaCrypt,N,
CC4H,Unidentified,N,
File,Unidentified,N,
u'*_out,Unidentified,N,
sorena,Unidentified,N,
shadi,Unidentified,N,
blackruby,Unidentified,N,
NSB,Unidentified,N,
EncryptoJJS,Unidentified,N,
m5m5,Unidentified,N,
jigsaaw,Unidentified,N,
help,Unidentified,N,
SZFLocker,Unidentified,N,
cadq,Unidentified,N,
xsmb,Unidentified,N,
CHE808,Unidentified,N,
FLYU,Unidentified,N,
suffer,Unidentified,N,
490,Unidentified,N,
491,Unidentified,N,
FilesLocker,Unidentified,N,
dcry,Unidentified,N,
Rooster865qq,Unidentified,N,
BarRax,SZFLocker,N,
ALVIN,Unidentified,N,
MILIHPEN,Unidentified,N,
PUMAX,Unidentified,N,
SatanCryptor,Unidentified,N,
Gibon,Unidentified,N,
INDRIK,Unidentified,N,
eclr,Unidentified,N,
reddot,Unidentified,N,
zilla,Unidentified,N,
Zv7uN,Unidentified,N,
Striked,Unidentified,N,
LCKD,Unidentified,N,
"lalabitch,",Unidentified,N,
wry,Unidentified,N,
good,Alpha,N,
MAYA,Unidentified,N,
yl,Unidentified,N,
LDPR,Unidentified,N,
AYE,Unidentified,N,
CTB2,Unidentified,N,
CONTI,Unidentified,N,
predator,Unidentified,N,
RenLocker,Unidentified,N,
zhen,Unidentified,N,
ukrain,Unidentified,N,
sgood,Unidentified,N,
u'*RT4BLOCK,Unidentified,N,
hnumkhotep,Radamant,N,
EggLocker,Unidentified,N,
ninja,Unidentified,N,
TowerWeb,Unidentified,N,
odin,TeslaCrypt,N,
RANSOM,Unidentified,N,
SNPDRGN,Unidentified,N,
Booyah,Unidentified,N,
GandCrab2,Unidentified,N,
osiris,CryptXXX,N,
yG,Unidentified,N,
ygkz,Unidentified,N,
micro,TeslaCrypt,N,
RabbitFox,Unidentified,N,
Fie Extension ,File,N,
22btc,Unidentified,N,
TRMT,Unidentified,N,
jjj,Unidentified,N,
PyCL,Unidentified,N,
KEYHolder,Unidentified,N,
CoinVault,Unidentified,N,
DOCM!Sample,Unidentified,N,
Lohodf,Unidentified,N,
EnkripsiPC,Unidentified,N,
LOL!,Unidentified,N,
hbdalna,Unidentified,N,
FileSlack,Unidentified,N,
dexx,Unidentified,N,
Mischa,Unidentified,N,
qnbqw,Unidentified,N,
frtrss,Unidentified,N,
kcwenc,Unidentified,N,
lola,Unidentified,N,
sshxkej,Unidentified,N,
MATRIX,Unidentified,N,
vulston,Unidentified,N,
loli,Encrypted,N,
Mira,Unidentified,N,
PPHL,Unidentified,N,
pwnd,Unidentified,N,
BMP,Unidentified,N,
lucifer,Unidentified,N,
Calum,Unidentified,N,
Random6,Unidentified,N,
enciphered,PUBG,N,
DoppelPaymer,Unidentified,N,
JungleSec,Unidentified,N,
paybtcs,Unidentified,N,
lezp,Unidentified,N,
SyncCrypt,Unidentified,N,
R3K7M9,Unidentified,N,
reco,STOP/DJVU,N,
24H Ransomware,Unidentified,N,
EG,Unidentified,N,
velikasrbija,Unidentified,N,
dcrtr,Unidentified,N,
CommonRansom,Unidentified,N,
meduza,Unidentified,N,
gf*,Unidentified,N,
bxtyunh,Unidentified,N,
base,Unidentified,N,
asd,Unidentified,Y,Autosavefile(WordforWindows)
ironhead,Unidentified,N,
EV,Unidentified,N,
lcked,Xorist,N,
lol!,Files1147@gmail(.)com,N,
hnyear,Unidentified,N,
hacked,Unidentified,N,
lol*,Unidentified,N,
cbs0z,Unidentified,N,
nsmf,Unidentified,N,
ShellLocker,Unidentified,N,
Ims00ry,Unidentified,N,
COLORIT,Unidentified,N,
XmdXtazX,Unidentified,N,
DeriaLock,Unidentified,N,
"_LP,",Unidentified,N,
major,Unidentified,N,
R4A,Unidentified,N,
Iron,Unidentified,N,
chch,Unidentified,N,
@decrypt2017,Unidentified,N,
ApolloLocker,Unidentified,N,
wflx,Locky,N,
xiaoba6,Unidentified,N,
blank,Unidentified,N,
vesad,Unidentified,N,
WRNY,Unidentified,N,
cryptoNar,Unidentified,N,
razor,Unidentified,N,
horse,Unidentified,N,
jcrypt,Unidentified,N,
~xdata~,Unidentified,N,
FG69,Unidentified,N,
pzdc,Spora,N,
jey,Unidentified,N,
RoshaLock,Unidentified,N,
loveransisgood,Unidentified,N,
qweuirtksd,Unidentified,N,
ACTUM,Unidentified,N,
v316,Unidentified,N,
cripton,Unidentified,N,
aa1,Unidentified,N,
u'*cerber2,Unidentified,N,
moba,Unidentified,N,
u'*_HD,Unidentified,N,
u'*tflower*,Unidentified,N,
Skull,Unidentified,N,
CryptWalker,Unidentified,N,
BlockFile12,Unidentified,N,
kencf,Unidentified,N,
DMA Locker*,Unidentified,N,
Tsar,Unidentified,N,
1ywsmbo4,Unidentified,N,
zeppelin,Unidentified,N,
rnsmwre,Unidentified,N,
4rwcry4w,Unidentified,N,
Rans0m,Unidentified,N,
u'*kremez*,Unidentified,N,
ProLock,Unidentified,N,
bopador,Unidentified,N,
TRUE,Unidentified,N,
m3ga*,Unidentified,N,
nbes,Unidentified,N,
UGMH,Unidentified,N,
aaa,TeslaCrypt,N,
VIVAL,Unidentified,N,
Cancer,Unidentified,N,
lfv77az,Unidentified,N,
stn,FSociety,Y,ArcViewGeocodingStandardizationfile
Erebus,Unidentified,N,
BlackPink,Unidentified,N,
KEY,Unidentified,N,
12345,Unidentified,N,
lockme,Unidentified,N,
executioner,Unidentified,N,
jsus,Unidentified,N,
exe ,Unidentified,N,
mo2,Unidentified,N,
Petna,Unidentified,N,
888,Unidentified,N,
rtcrypted,Unidentified,N,
WAmarlocked,Unidentified,N,
js*,Unidentified,N,
cs16,Unidentified,N,
ytbl,Surprise,N,
ytbn,Unidentified,N,
li],Unidentified,N,
[XMRLocker],Unidentified,N,
stnts,Unidentified,N,
VMola,Unidentified,N,
karl,Unidentified,N,
sell,Unidentified,N,
u'Unusual,Unidentified,N,
dharma,Damage,N,
self,Unidentified,N,
mtk118,Unidentified,N,
zq,Unidentified,N,
u'_READ_THI$_FILE_*,Unidentified,N,
tirp,Unidentified,N,
ranranranran,Unidentified,N,
Alpha,Unidentified,N,
banjo,Unidentified,N,
zatrov,Unidentified,N,
encrypted_backup,Unidentified,N,
RSA-NI,Unidentified,N,
zepto,Locky,N,
jse,Unidentified,Y,JScriptEncodedScriptfile
nvetud,Unidentified,N,
udjvu,Unidentified,N,
lordofshadow,Unidentified,N,
DELTA,Unidentified,N,
vCrypt1,Unidentified,N,
mosk,Unidentified,N,
Vega,Unidentified,N,
charm,Unidentified,N,
moss,Unidentified,N,
ShutUpAndDance,Unidentified,N,
COM][JINNYG@TUTANOTA,Unidentified,N,
exe,Unidentified,Y,Directlyexecutableprogram(DOS)
keybtc@inbox_com,Fantom,N,
SaMsUnG,Unidentified,N,
li*,Unidentified,N,
ziggy,Unidentified,N,
GBLOCK,Unidentified,N,
kr,Unidentified,N,
qensvlcbymk,Unidentified,N,
ccc,Various,Y,Bitmapgraphics(nativeformat)(CurtainCall)
Cripton7zp,Unidentified,N,
PAY_IN_MAXIM_24_HOURS_OR_ALL_YOUR_FILES_WILL_BE_PERMANENTLY_DELETED_PLEASE_BE_REZONABLE_you_have_only_1_single_chance_to_make_the_payment,Unidentified,N,
OTR,Unidentified,N,
MMTeam,Unidentified,N,
blend,Unidentified,Y,Blender3Dfile
aksx,Unidentified,N,
exx,Sage,Y,IntermediatefilebyMsgPut(IBMLinkWay)
ReadTheInstructions,Unidentified,N,
Amigo,Unidentified,N,
BD,Unidentified,N,
tcprx,Unidentified,N,
rtf,Unidentified,Y,RichTextFormattextfile(many-WindowsWord)
*_RSA,Unidentified,N,
LAZPARKING-*,Unidentified,N,
Deadly,Unidentified,N,
aescrypt,Unidentified,N,
area,Unidentified,N,
djvuq,Unidentified,N,
ClicoCrypter,Unidentified,N,
AXI,Unidentified,N,
m3gac0rtx,Unidentified,N,
p3rf0rm4,Unidentified,N,
cr1,Unidentified,N,
PEGS1,Potato,N,
bwall,Unidentified,N,
Qtyu8vH5wDXf6OSWAm5NuA==ObcK,Unidentified,N,
u'*@sectex*net*,Unidentified,N,
sarbloh,Unidentified,N,
akira,Unidentified,N,
u'*RANSOMED*,Unidentified,N,
money,Unidentified,N,
RansomTrojanLock,Unidentified,N,
cekisan,Unidentified,N,
cassetto,Unidentified,N,
CRYPTOSHIELD,Unidentified,N,
paytounlock,Unidentified,N,
proced,Unidentified,N,
encryptedL,Unidentified,N,
@decrypt_2017,Unidentified,N,
Crystal,Unidentified,N,
Relock,Unidentified,N,
encryptedS,Unidentified,N,
bloked,Unidentified,N,
Satyr,Unidentified,N,
LOLI,Unidentified,N,
aes128ctr,Unidentified,N,
p3rf0rmr,Unidentified,N,
DoggeWiper,Unidentified,N,
MZR,Unidentified,N,
no_more_ransomware,Unidentified,N,
cry,Coverton,N,
~HL*,Unidentified,N,
qbix,Unidentified,N,
AG88G,Unidentified,N,
NOLOST,Unidentified,N,
Erenahen,Unidentified,N,
nelasod,Unidentified,N,
u'*djvuu,Unidentified,N,
HCY!,Unidentified,N,
ERIS!,Unidentified,N,
insane,Unidentified,N,
bart,Unidentified,N,
666decrypt666,Unidentified,N,
gerber5,Unidentified,N,
Scorpion,Unidentified,N,
b89b,Unidentified,N,
sea,Unidentified,Y,Self-ExtractingcompressedMacintoshfileArchive
rtyrtyrty,Unidentified,N,
origami,Unidentified,N,
xrtn,Unidentified,N,
u'*SIMMYWARE*,Unidentified,N,
alilibat,Unidentified,N,
Smrss32,Unidentified,N,
Ryuk,Unidentified,N,
bot!,Unidentified,N,
epsilonred,Unidentified,N,
kimchenyn,Unidentified,N,
Horse4444,Unidentified,N,
opqz,Unidentified,N,
readme,Unidentified,N,
[SSSDKVNSDFITD],Unidentified,N,
UIWIX,Unidentified,N,
BCCaEaadBA,Unidentified,N,
yarraq,Unidentified,N,
condat,Unidentified,N,
korea,Unidentified,N,
missing,Unidentified,N,
javaencrypt,Unidentified,N,
ehiz,Unidentified,N,
GX40,Unidentified,N,
pirat,Unidentified,N,
pscrypt,Unidentified,N,
isos,Unidentified,N,
JuicyLemon,Unidentified,N,
helpdecrypt@ukr_net,Unidentified,N,
SKJDTHGHH,Unidentified,N,
fedasot,Unidentified,N,
improved,Unidentified,N,
cccmn,Unidentified,N,
Consciousness,Unidentified,N,
MadBit,Unidentified,N,
crypted!Sample,Unidentified,N,
thor,Serpent,N,
anon,Unidentified,N,
rose,Unidentified,N,
sext,Unidentified,N,
SAVEYOURDATA,Unidentified,N,
technicy,Unidentified,N,
dviide,Unidentified,N,
zlpzdel,Unidentified,N,
kimcilware,Marlboro,N,
msop,Unidentified,N,
Nuke,Unidentified,N,
vbransom,Fsociety,N,
Poliex,Unidentified,N,
PoisonFang,Unidentified,N,
duk,Unidentified,N,
java,Unidentified,Y,Javasourcecodefile
crime,Unidentified,N,
HAPP,Unidentified,N,
zuzya,Unidentified,N,
py,Unidentified,Y,Pythonscriptfile
Antivirus,Unidentified,N,
HPE iLO,Unidentified,N,
SXS,Unidentified,N,
xiaoba28,Unidentified,N,
Greed,Unidentified,N,
Al-Namrood,Unidentified,N,
xiaoba24,Unidentified,N,
_HE,Unidentified,N,
brick,Unidentified,N,
xiaoba27,Unidentified,N,
xiaoba20,Unidentified,N,
icyoaezi,Unidentified,N,
xiaoba26,Unidentified,N,
skymap,Unidentified,N,
BUGWARE,Unidentified,N,
SANTANA,Unidentified,N,
0000,Unidentified,N,
reha,Unidentified,N,
CMLOCKER,Unidentified,N,
shinya,Unidentified,N,
EMAN,Unidentified,N,
c300,Unidentified,N,
CryptPethya,Unidentified,N,
CRABSLKT,Unidentified,N,
securityP,Unidentified,N,
LolSec,Unidentified,N,
T1Happy,Unidentified,N,
MoWare,Unidentified,N,
JEEPERS,Unidentified,N,
JOPE,Unidentified,N,
mdk4y,Unidentified,N,
daddycrypt,Unidentified,N,
payrms,Bitstak,N,
encrptd,Unidentified,N,
hellomynameisransom,Unidentified,N,
Done,Unidentified,N,
pennywise,Unidentified,N,
EduCrypt,Unidentified,N,
XiaoBa34,Unidentified,N,
paradox!,Unidentified,N,
morseop-7j9wrqr,Unidentified,N,
prnds,Unidentified,N,
ducky,Unidentified,N,
styx,Unidentified,N,
Digisom,Unidentified,N,
otherinformation,Unidentified,N,
psh,Unidentified,N,
rip,Xorist,Y,Graphics(RemoteAccess)
AES-NI,Unidentified,N,
rjzR8,Unidentified,N,
skype,Unidentified,N,
u'*aes_ni_gov,Unidentified,N,
MOLE02,Unidentified,N,
gryphon,Unidentified,N,
XNMMP,Unidentified,N,
CRYPTBD,Unidentified,N,
PrOtOnIs,Unidentified,N,
KillRabbit,Unidentified,N,
MOLE00,Unidentified,N,
lockedgood,Unidentified,N,
GermanWiper,Unidentified,N,
LowLevel04,Unidentified,N,
pay2me,Unidentified,N,
u'_!!!_README_!!!_*,Unidentified,N,
AES_KEY_GEN_ASSIST,Unidentified,N,
GhostCrypt,Unidentified,N,
CryptoLuck,Unidentified,N,
ViACrypt,Unidentified,N,
cezar,Unidentified,N,
cryptowall,Merry,N,
R5A,Unidentified,N,
fucku,Unidentified,N,
Lazar,Unidentified,N,
makkonahi,Unidentified,N,
*crypto,Unidentified,N,
0x004867,Unidentified,N,
PLANT,Unidentified,N,
PGPSnippet,Unidentified,N,
pr0tect,Unidentified,N,
crypt12,Unidentified,N,
brusaf,Unidentified,N,
kraken,Radamant,N,
breeding123,Unidentified,N,
com___*,Unidentified,N,
InfinityLock,Unidentified,N,
SpartCript,Unidentified,N,
oneway,Unidentified,N,
gruzin@qq_com,Unidentified,N,
avdn,Unidentified,N,
[papillon9275],Unidentified,N,
Karo,Unidentified,N,
nols,Unidentified,N,
crjocker,Unidentified,N,
egmwvm,Unidentified,N,
mention9823,Unidentified,N,
NanoLocker,Unidentified,N,
P4WN3D,Unidentified,N,
usagoo,Unidentified,N,
MarraCrypt,Unidentified,N,
db,Unidentified,Y,Configuration(dBASEIV-dBFast)
HaCk,Unidentified,N,
au1crypt,Unidentified,N,
CTB-Faker,Unidentified,N,
08kJA,Unidentified,N,
B2DR,Unidentified,N,
Bang,Unidentified,N,
PRIVAT66,Unidentified,N,
Dever,Unidentified,N,
cripttt,Unidentified,N,
NETCrypton,Unidentified,N,
crying,Unidentified,N,
u'*_READ_THIS_FILE_*_*,Unidentified,N,
RansomMine,Unidentified,N,
cum,Unidentified,N,
LockBox,Unidentified,N,
__dilmaV1,Unidentified,N,
bin,VBRansom,Y,Binaryfile
tdelf,Unidentified,N,
warn_wallet,Unidentified,N,
zorin,Unidentified,N,
freefoam,Unidentified,N,
format,Unidentified,N,
lockedv1,Unidentified,N,
frmvrlr2017,Unidentified,N,
kasp,Unidentified,N,
Aim,Unidentified,N,
redeem,Unidentified,N,
biz,Unidentified,N,
kilit,Unidentified,N,
cryptx*,Unidentified,N,
bit,Unidentified,Y,BitmapImage
bip,Unidentified,Y,Free-motioncapturefilesforcharacterstudiobiped
Project34,Unidentified,N,
lost,Unidentified,N,
Kirk,Unidentified,N,
krusop,Unidentified,N,
LockDown,Unidentified,N,
lbiaf6c8,Unidentified,N,
xiaoba25,Unidentified,N,
OOOKJYHCTVDF,Unidentified,N,
@LyDarkr,Unidentified,N,
INCANTO,Unidentified,N,
Sspq,Unidentified,N,
Silent,Unidentified,N,
duhust,Unidentified,N,
eBayWall,Unidentified,N,
PTGEPVEKM,Unidentified,N,
ncov,Unidentified,N,
Kg9EX,Unidentified,N,
palm,Unidentified,N,
volvo33_36_37_39__44,Unidentified,N,
Kaenlupuf,Unidentified,N,
LGNLCKD,Unidentified,N,
GETREKT,Unidentified,N,
EMPTY,Unidentified,N,
kropun,Unidentified,N,
gefickt,Globe,N,
PLANETARY,Unidentified,N,
emilysupp,Unidentified,N,
blocatto,Unidentified,N,
SERP,Unidentified,N,
vusad,Unidentified,N,
messenger-*,Unidentified,N,
PonyFinal,Unidentified,N,
rmd,PizzaCrypts,N,
BtcKING,Unidentified,N,
DogeCrypt,Unidentified,N,
snoopdog,Unidentified,N,
_AiraCropEncrypted!,Unidentified,N,
MIKOYAN,Unidentified,N,
lime,Unidentified,N,
iqll,Unidentified,N,
pec,Coverton,N,
Hells,Unidentified,N,
AnubisCrypt,Unidentified,N,
decryptgarranty,Unidentified,N,
zzz,Angela,N,
n1n1n1,Unidentified,N,
mijnal,Unidentified,N,
"WALAN,",Unidentified,N,
Karma,Unidentified,N,
XBTL,Unidentified,N,
armadilo1,Unidentified,N,
crypted_file,Unidentified,N,
DS335,Unidentified,N,
bliun,Unidentified,N,
CHRISTMAS,Unidentified,N,
u'*qweasd*,Unidentified,N,
Ladon,Unidentified,N,
verasto,Unidentified,N,
Alfa,Unidentified,N,
amnesia,Unidentified,N,
relock@qq_com,Unidentified,N,
PyLocky,Unidentified,N,
Golden Axe,Unidentified,N,
am,Unidentified,N,
nuke55,Unidentified,N,
yoba,Unidentified,N,
Lion,Unidentified,N,
Enjey Crypter,Unidentified,N,
Lortok,Unidentified,N,
509a49,Unidentified,N,
ru],Unidentified,N,
AutoWannaCryV2,Unidentified,N,
gamma,Unidentified,N,
BitCryptor,Unidentified,N,
Com],Unidentified,N,
plam,Unidentified,N,
CryptoRoger,Unidentified,N,
url,Unidentified,Y,UniformResourceLocator(Internetshortcut)
NET,Unidentified,N,
TeslaWare,Unidentified,N,
kkll,Unidentified,N,
coin,Unidentified,N,
UnblockUPC,Unidentified,N,
ppam,Unidentified,N,
kyra,Samas/SamSam,N,
raldge,Unidentified,N,
fast,Unidentified,N,
MauriGo,Unidentified,N,
lldc,Unidentified,N,
infected,Unidentified,N,
u',Unidentified,N,
LambdaLocker,Unidentified,N,
msj,Unidentified,N,
pezi,Unidentified,N,
zerofucks,Unidentified,N,
verschl\xfcsselt,Unidentified,N,
STOPDATA,Unidentified,N,
kolz,Unidentified,N,
{*-*-*-*},Unidentified,N,
m3g4c0rtx,Unidentified,N,
VACv2,Unidentified,N,
D00mEd,Unidentified,N,
game,Unidentified,N,
YOU-ARE-FUCKED-BY-BALILUWARE-(CODED-BY-HEROPOINT),Unidentified,N,
ifuckedyou,Jigsaw,N,
ITLOCK,Unidentified,N,
WannaScream,Unidentified,N,
azor,Unidentified,N,
junior,Unidentified,N,
lina,Unidentified,N,
sdk,Unidentified,N,
info,KeRanger,N,
anubi,Unidentified,N,
1dec,Unidentified,N,
grinch,Unidentified,N,
CryptFuck,Unidentified,N,
InfiniteTear,Unidentified,N,
popoticus,Unidentified,N,
p3d374,Unidentified,N,
jcry,Unidentified,N,
b4wq,Unidentified,N,
rsalive,Unidentified,N,
xiaoba33,Unidentified,N,
xiaoba32,Unidentified,N,
xiaoba31,Unidentified,N,
xiaoba30,Unidentified,N,
PowerWare,Unidentified,N,
grovat,Unidentified,N,
LOCKED_PAY,Unidentified,N,
grovas,Unidentified,N,
lock2bits,Unidentified,N,
creeper,Unidentified,N,
wholocked,Unidentified,N,
kernel_time,KeRanger,N,
odcodc,TeslaCrypt,N,
mame*vse,Unidentified,N,
birbb,Unidentified,N,
SerbRansom,Unidentified,N,
XY6LR,Unidentified,N,
Ragnar,Unidentified,N,
phantom,Unidentified,N,
Roga,Unidentified,N,
grt,Jigsaw,N,
FLAMINGO,Unidentified,N,
paradox,Unidentified,N,
crypz,Scatter,N,
tohnichi,Unidentified,N,
boooam@cock_li,Unidentified,N,
AUF,Unidentified,N,
WannaRen,Unidentified,N,
dealemail,Unidentified,N,
hex911,Unidentified,N,
club,Unidentified,N,
LIZARD,Unidentified,N,
CryptConsole3,Unidentified,N,
coded,PayDay,N,
Enc1,Unidentified,N,
nat,Unidentified,N,
AresCrypt,Unidentified,N,
TXT,Unidentified,N,
theworldisyours,Kostya,N,
dale,TeslaCrypt,N,
r44s,Unidentified,N,
Horriblemorning,Unidentified,N,
clean,Unidentified,N,
DIABLO6,Unidentified,N,
xncrypt,Unidentified,N,
nermer,Unidentified,N,
Wesker,Unidentified,N,
heets,Unidentified,N,
TEST,Unidentified,N,
Losers,Unidentified,N,
CYBERGOD,Unidentified,N,
NMoreira,Unidentified,N,
write_us_on_email,Unidentified,N,
WildFire,Unidentified,N,
Extractor,Unidentified,N,
ako,Unidentified,N,
DryCry,Unidentified,N,
enjey,Unidentified,N,
pizhon-*,Unidentified,N,
MSPLT,Unidentified,N,
age,Unidentified,N,
TR,Unidentified,N,
cryp1,Cerber,N,
aga,Unidentified,N,
Waffle,Unidentified,N,
TG33,Unidentified,N,
lnk,Unidentified,Y,WindowsShortcutfile
FTCODE,Unidentified,N,
fresh,Unidentified,N,
Snaiparul,Unidentified,N,
52pojie,Unidentified,N,
CCCRRRPPP,Unlock92,N,
xcry7684,Unidentified,N,
Mercury,Unidentified,N,
decrypt2017,Various,N,
code,Unidentified,N,
0l0lqq,Unidentified,N,
qQ6Q,Unidentified,N,
billingsupp,Unidentified,N,
nuksus,Unidentified,N,
nozelesn,Unidentified,N,
filock,Unidentified,N,
breaking_bad,Anubis,N,
bigdata,Unidentified,N,
alien,Unidentified,N,
Hydra,Unidentified,N,
wctc,Unidentified,N,
dyatel@qq_com,Unidentified,N,
PAYMAN,Unidentified,N,
vawe,Unidentified,N,
imsorry,Unidentified,N,
b0ff,Unidentified,N,
SynAck,Unidentified,N,
oshit,Unidentified,N,
young,Unidentified,N,
theva,Unidentified,N,
koreaGame,Unidentified,N,
atlas,Locky,N,
aris,Unidentified,N,
igza4c,Unidentified,N,
u'VictemKey_*_*,Unidentified,N,
LoveYou,Unidentified,N,
qq_com*,Unidentified,N,
pky,Unidentified,N,
nasoh,Unidentified,N,
Sanctions,Unidentified,N,
eCh0raix,Unidentified,N,
kitty,Unidentified,N,
maas,Unidentified,N,
P,Unidentified,N,
obleep,Unidentified,N,
CryptoJacky,Unidentified,N,
Locked-by-Mafia,Unidentified,N,
BANKS,Unidentified,N,
crptd,Unidentified,N,
BoooamCrypt,Unidentified,N,
_AiraCropEncrypted,DoubleLocker,N,
Wana Decrypt0r Trojan-Syria Editi0n,Unidentified,N,
zphs,Unidentified,N,
zycrypt,Unidentified,N,
magic,GandCrab,N,
tro,Unidentified,N,
Ruby,Unidentified,N,
MafiaWare,Unidentified,N,
try,Unidentified,N,
AlfaBlock,Unidentified,N,
AdolfHitler,Unidentified,N,
horon,Unidentified,N,
CROWN!?,Unidentified,N,
FFF,Unidentified,N,
RaaS,Unidentified,N,
OVO,Unidentified,N,
u'*prnds,Unidentified,N,
hbdalna!,Unidentified,N,
rrk,CryptoJoker,N,
cfk,Unidentified,N,
ExpBoot,Unidentified,N,
myskle,Unidentified,N,
Radiation,Unidentified,N,
sinopal,Unidentified,N,
rencrypted,Unidentified,N,
wannacryv2,Unidentified,N,
happydayzz,Unidentified,N,
defender,Unidentified,N,
FJ7QvaR9VUmi,Unidentified,N,
Deniz_Kizi,Unidentified,N,
croc,Unidentified,N,
u'*SpartCrypt*,Unidentified,N,
MMM,Unidentified,N,
SNSLocker,Unidentified,N,
hofos,Unidentified,N,
unavailable,Nemucod,N,
JSWORM,Unidentified,N,
shade8,Unidentified,N,
olduw,Unidentified,N,
kharma,Unidentified,N,
R2D2,Unidentified,N,
Cr1ptT0r,Unidentified,N,
HTML,Unidentified,N,
Clop,Unidentified,N,
[ID62133703],Unidentified,N,
C4H,Unidentified,N,
madekv120,Unidentified,N,
eofyd,Unidentified,N,
berosuce,Unidentified,N,
forasom,Unidentified,N,
xiaoba21,Unidentified,N,
filegofprencrp,Unidentified,N,
Gorgon,Unidentified,N,
eTeRnItY,Unidentified,N,
b5c6,Unidentified,N,
SamSam,Unidentified,N,
sexy,GPCode,N,
BNFD,Unidentified,N,
bdev,Unidentified,N,
hdmr,Unidentified,N,
SkyFile,Unidentified,N,
letmetrydecfiles,Unidentified,N,
airacropencrypted!,Unidentified,N,
SFile,Unidentified,N,
horseleader,Unidentified,N,
WinRarer,Unidentified,N,
Back,Unidentified,N,
gembok,Unidentified,N,
vbs,Unidentified,Y,VisualBasicScriptfile(VisualBasic)
geno,Unidentified,N,
Ishtar,Unidentified,N,
rdm,Jigsaw,N,
novasof,Unidentified,N,
OQn1B,Unidentified,N,
honor,Unidentified,N,
u'!#_How_to_decrypt_files_#!,Unidentified,N,
crypted,TeslaCrypt,N,
noproblemwedecfiles,Unidentified,N,
danger,Unidentified,N,
txd0t,Unidentified,N,
Xino,Unidentified,N,
revon,Unidentified,N,
hNcrypt,Unidentified,N,
GC47,Unidentified,N,
pxj,Unidentified,N,
jaff,Unidentified,N,
cryptes,Unidentified,N,
KARLS,Unidentified,N,
RASTAKHIZ,Unidentified,N,
Oplatabtc3,Unidentified,N,
cloud,Unidentified,N,
redl,Unidentified,N,
GhostHammer,Unidentified,N,
zip,Unidentified,Y,ZIPCompressedfilearchive
btcware,Unidentified,N,
gero,Unidentified,N,
CryptoLockerEU,Unidentified,N,
crab,Zeta,N,
lesli,Venus,N,
CRYPTOSHIEL,Unidentified,N,
46orz,Unidentified,N,
Huy,Unidentified,N,
sqpc,Unidentified,N,
qwqd,Unidentified,N,
CrySiS,Unidentified,N,
Lulz!,Unidentified,N,
[adm15@pr\u2026,Unidentified,N,
dxjay,Unidentified,N,
1txt,Scatter,N,
nypg,Unidentified,N,
Egh9E,Unidentified,N,
CRADLE,Unidentified,N,
CryCryptor,Unidentified,N,
mnbzr,Unidentified,N,
supported2017,Unidentified,N,
fuckyourdata,Unidentified,N,
locks,Unidentified,N,
Defray777,Unidentified,N,
DQXOO,Unidentified,N,
GoNNaCry,Unidentified,N,
wincry,Unidentified,N,
donut,Unidentified,N,
u'*BlockBax*,Unidentified,N,
write_on_email,Unidentified,N,
elpvd,Unidentified,N,
luces,Unidentified,N,
g0h8iwj,Unidentified,N,
powerfulldecrypt,Bart,N,
AW46,Unidentified,N,
londec,Unidentified,N,
abcd,Unidentified,N,
beijing,Unidentified,N,
Zeropadypt,Unidentified,N,
u'*structsstructs*,Unidentified,N,
ZEUS,Unidentified,N,
lock,Unidentified,N,
tax,Unidentified,Y,TurboTaxfile
z3enc,Unidentified,N,
DECC,Unidentified,N,
incpas,Unidentified,N,
ATLAS,Unidentified,N,
syrk,Unidentified,N,
DECP,Unidentified,N,
EAIJTP,Unidentified,N,
aes256,Unidentified,N,
MTXLOCK,Unidentified,N,
sgs911-*,Unidentified,N,
000G,Unidentified,N,
paycoin,Unidentified,N,
PayDay,Unidentified,N,
63vc4,Unidentified,N,
zida,Unidentified,N,
payransom,Unidentified,N,
Hknet,Unidentified,N,
qscx,Unidentified,N,
uudjvu,Unidentified,N,
Xcri,Unidentified,N,
kostya,KeRanger,N,
lyli!,Unidentified,N,
OMG!,Unidentified,N,
kezoz,Unidentified,N,
wsmile,Unidentified,N,
d3g1d5,Unidentified,N,
S996,Unidentified,N,
Cry128,Unidentified,N,
paas,Unidentified,N,
2122,Unidentified,N,
449o43,Unidentified,N,
HANTA,Unidentified,N,
Avaad,Unidentified,N,
SUPERCRYPT,Unidentified,N,
likud,Unidentified,N,
njmhqbxu,Unidentified,N,
chifrator@qq_com,Unidentified,N,
NotAHero,Unidentified,N,
PRCP,Unidentified,N,
p5tkjw,Samas/SamSam,N,
haka,Unidentified,N,
*wasted,Unidentified,N,
padcrypt,Alpha/Alfa,N,
lamo,Unidentified,N,
ChinaYunLong,Unidentified,N,
himynameisransom,Unidentified,N,
doc!,Unidentified,N,
EGG,Unidentified,N,
PEDO,Unidentified,N,
SaherBlueEagleRansomware,Unidentified,N,
aleta,Unidentified,N,
write,Unidentified,N,
u'*king_ouroboros*,Unidentified,N,
REKTLocker,Unidentified,N,
RIDIK,Unidentified,N,
Sil3nt5pring,Unidentified,N,
AL8P,Unidentified,N,
piny,Unidentified,N,
ApocalypseVM,Unidentified,N,
li,Unidentified,N,
EXTE,Unidentified,N,
lr,Unidentified,N,
tsv,Unidentified,Y,TabSeparatedValuefile
BORISHORSE,Unidentified,N,
0xxx,Unidentified,N,
jyqji,Unidentified,N,
Krider,Unidentified,N,
ZAYKA,Unidentified,N,
Lock2017,Unidentified,N,
crash,Unidentified,N,
BONUM,Unidentified,N,
kernel_pid,Conficker,N,
FuckSociety,Unidentified,N,
CURATOR,Unidentified,N,
HYENA,Unidentified,N,
GMAN,Unidentified,N,
WAITING,Unidentified,N,
CrYo,Unidentified,N,
snake,Unidentified,N,
kiss,Unidentified,N,
Venus,Unidentified,N,
Nomikon,Unidentified,N,
Nx,Unidentified,N,
srpx,Unidentified,N,
jsworm,Unidentified,N,
NEMTY_VFRLXV9,Unidentified,N,
betta,Unidentified,N,
BIG4+,Unidentified,N,
rokku,Samas/SamSam,N,
xdrop,Unidentified,N,
CULEX,Unidentified,N,
Spartacus,Unidentified,N,
u'ebay_was_here,Unidentified,N,
2x2d,Unidentified,N,
globe,Globe,N,
707,Unidentified,N,
Mnd4,Unidentified,N,
lfk,Unidentified,N,
DVPN,Unidentified,N,
fuckunicorn*,Unidentified,N,
LockedByte,Unidentified,N,
thanos,Unidentified,N,
RansomPlus,Unidentified,N,
Bubble,Unidentified,N,
vdul,Unidentified,N,
mew767,Unidentified,N,
eking,Unidentified,N,
calix,Unidentified,N,
doples,Unidentified,N,
kernel_complete,BarRax,N,
Cyborg,Unidentified,N,
uk6ge,Unidentified,N,
Freezing,Unidentified,N,
u'*0nl1ne*,Unidentified,N,
fs0ciety,Unidentified,N,
stub,Unidentified,N,
AxCrypter,Unidentified,N,
CryptoPatronum,Unidentified,N,
China,Unidentified,N,
JabaCrypter,Unidentified,N,
BadNews,Unidentified,N,
silvertor,Unidentified,N,
cxk_nmsl,Unidentified,N,
redmat,Unidentified,N,
fun,Angry,N,
NextCry,Unidentified,N,
*jalicry*,Unidentified,N,
ecc,Coverton,N,
ziqzqzdi,Unidentified,N,
FailedAccess,Unidentified,N,
babaxed,Unidentified,N,
glkm,Unidentified,N,
muslat,Unidentified,N,
YYYYBJQOQDU,Unidentified,N,
Stupid,Unidentified,N,
CAGO,Unidentified,N,
RSNSlocked,Unidentified,N,
LittleFinger,Unidentified,N,
log,Unidentified,Y,Logfile
JeepersCrypt,Unidentified,N,
comrade,Scatter,N,
vsunit,Unidentified,N,
EncryptedBatch,Unidentified,N,
FCrypt,Unidentified,N,
radman,Unidentified,N,
H_F_D_locked,Unidentified,N,
needdecrypt,Unidentified,N,
david,Unidentified,N,
Dhlp,Unidentified,N,
fuck_you_av_we_are_not_globe_fake,Unidentified,N,
2heRi1,Unidentified,N,
NUMBERDOT,Unidentified,N,
phobos,Unidentified,N,
x0lzs3c,Unidentified,N,
goforhelp,Unidentified,N,
nWcrypt,Unidentified,N,
CHAK,Unidentified,N,
wvtr0,Unidentified,N,
AES,Unidentified,N,
owned,Unidentified,N,
igvm,Unidentified,N,
XZZX,Unidentified,N,
npsg,Unidentified,N,
pgp,Unidentified,Y,Supportfile(PrettyGoodPrivacyRSASystem)
ElvisPresley,Unidentified,N,
lolita,Unidentified,N,
andonio,Unidentified,N,
love$,Unidentified,N,
righ,Unidentified,N,
ge0l0gic,Unidentified,N,
fair,Unidentified,N,
ZoNe,Unidentified,N,
nazcrypt,Unidentified,N,
XiaBa,Unidentified,N,
PHOBOS,Unidentified,N,
nvram,Unidentified,N,
Lazarus,Unidentified,N,
eQTz,Unidentified,N,
king_ouroboros*,Unidentified,N,
u'How_Decrypt_My_Files,Unidentified,N,
garcewa,Unidentified,N,
Dishwasher,Unidentified,N,
CradleCore,Unidentified,N,
ooss,Unidentified,N,
gotcha,Unidentified,N,
THDA,Unidentified,N,
Infinite,Unidentified,N,
*-*-*,Unidentified,N,
cryptoid,Unidentified,N,
GGGHJMNGFD,Unidentified,N,
CryptoLocky,Unidentified,N,
lO8s42,Unidentified,N,
systems32x,Unidentified,N,
pay2key,Unidentified,N,
KK,Unidentified,N,
mich,Unidentified,N,
Caleb,Unidentified,N,
PERSONAL_ID*,Unidentified,N,
Caley,Unidentified,N,
ReadMe,Unidentified,N,
igdm,Unidentified,N,
babyk,Unidentified,N,
fartplz,Unidentified,N,
zyklon,LockLock,N,
Death_Of_Shadow,Unidentified,N,
weareyourfriends,Unidentified,N,
*exx,Unidentified,N,
cbu1,Unidentified,N,
JSWRM,Unidentified,N,
Rooster865qqZ,Unidentified,N,
wav_list,Unidentified,N,
paymts,Jigsaw,N,
SpartCrypt,Unidentified,N,
31342E30362E32303136*,Unidentified,N,
Bisquilla,Unidentified,N,
TellYouThePass,Unidentified,N,
vaca,Unidentified,N,
d4nk,Alma,N,
ccryptor,Unidentified,N,
symbiom_ransomware_locked,Unidentified,N,
CONTACTUS,Unidentified,N,
XVNAW,Unidentified,N,
BENTLEY,Unidentified,N,
xoza,Unidentified,N,
apis,Unidentified,N,
6db8,Unidentified,N,
NMCRYPT,Unidentified,N,
nopasaran,Unidentified,N,
fileiscryptedhard,Unidentified,N,
bRcrypT,Unidentified,N,
ZipLocker,Unidentified,N,
tastylock,Unidentified,N,
ASN1 Encoder,Unidentified,N,
heisenberg,Unidentified,N,
hccapx,Unidentified,N,
Try2Cry,Unidentified,N,
lukitus,Unidentified,N,
mogranos,Unidentified,N,
D2550A49BF52DFC23F2C013C5,Unidentified,N,
sfs,Unidentified,Y,Pcl5scalablefontfile(Intellifont)
hermes837,Unidentified,N,
zxcv,Unidentified,N,
montana,Unidentified,N,
CryptoDevil,Unidentified,N,
Unlock92,Unidentified,N,
Enter,Unidentified,N,
MalwareTech*,Unidentified,N,
Vapor,Unidentified,N,
medal,Unidentified,N,
litra!Sample,Unidentified,N,
btix,Unidentified,N,
RMCM1,Exotic,N,
Pox,Unidentified,N,
helpmeencedfiles,Comrade,N,
ke3q,Unidentified,N,
GFS,Unidentified,N,
Pot,Unidentified,N,
qlkm,Unidentified,N,
djuvq,Unidentified,N,
xiaoba15,Unidentified,N,
bcBDBbAEDb,Unidentified,N,
xiaoba17,Unidentified,N,
xiaoba16,Unidentified,N,
xiaoba11,Unidentified,N,
xiaoba10,Unidentified,N,
xiaoba13,Unidentified,N,
acuna,Unidentified,N,
skunk,Unidentified,N,
xiaoba19,Unidentified,N,
xiaoba18,Unidentified,N,
Troldesh,Unidentified,N,
sarut,Unidentified,N,
FUNNY,Unidentified,N,
unbrecrypt_ID_*,Unidentified,N,
EXE,Unidentified,N,
WAND,Unidentified,N,
encrypted,SerbRansom,N,
sfile2,Unidentified,N,
szf,CryptoRoger,N,
\uc554\ud638\ud654\ub428,Unidentified,N,
RDM,Unidentified,N,
tx_locked,Unidentified,N,
GMBN,Unidentified,N,
GoldenEye,Unidentified,N,
3ncrypt3d,Unidentified,N,
coharos,Unidentified,N,
deuce,Unidentified,N,
UAKXC,Unidentified,N,
lockedfile,Unidentified,N,
DEMON,Unidentified,N,
686l0tek69,Unidentified,N,
PICO,Unidentified,N,
Ieph0uxo,Unidentified,N,
combo,Unidentified,N,
Russian EDA2,Unidentified,N,
r3f5s,Unidentified,N,
boris,Unidentified,N,
picocode#8523,Unidentified,N,
cube,Unidentified,N,
Jozy,Unidentified,N,
cuba,Unidentified,N,
yatron,Unidentified,N,
teamV,Unidentified,N,
lucky,Unidentified,N,
al1b1nal1,Unidentified,N,
vpsh,Unidentified,N,
perfection,Unidentified,N,
Crypren,Unidentified,N,
beaf,Unidentified,N,
ttt,Braincrypt,N,
u'*wifi*hacker*,Unidentified,N,
hets,Unidentified,N,
kupidon,Unidentified,N,
crabs,Unidentified,N,
evolution,Unidentified,N,
fox,Unidentified,N,
godes,Unidentified,N,
Nibiru,Unidentified,N,
one-we_can-help_you,Unidentified,N,
codnet,Unidentified,N,
reig,Unidentified,N,
777,Unidentified,Y,7-Zipcompressedfilearchive
XYZWare,Unidentified,N,
BlackRouter,Unidentified,N,
2k19sys,Unidentified,N,
fcfceee,Unidentified,N,
Prt6aV9,Unidentified,N,
alosia,Unidentified,N,
_Crypted,Unidentified,N,
CRY,Unidentified,N,
korrektor,Unidentified,N,
krypted,Unidentified,N,
legacy,Unidentified,N,
Telecrypt,Unidentified,N,
skynet,Unidentified,N,
choda,Unidentified,N,
grux,Unidentified,N,
xxxxx,Unidentified,N,
7zipper,Unidentified,N,
fsdfsdfsdfsdfsdfsfdsfs,Unidentified,N,
nuclear,Unidentified,N,
Aurora,Unidentified,N,
2xx9,Unidentified,N,
sglh,Unidentified,N,
dll,Merry,Y,DynamicLinkLibrary(Windows3.x-OS/2)
PIRATE,Unidentified,N,
whycry,Unidentified,N,
LyaS,Unidentified,N,
maddog,Unidentified,N,
2cXpCihgsVxB3,Unidentified,N,
klope,Unidentified,N,
email,Unidentified,Y,OutlookExpressMailMessage
xraw,Unidentified,N,
PayPalGenerator2019,Unidentified,N,
WALLET,Unidentified,N,
moments2900,Unidentified,N,
kee,Unidentified,N,
pdcr,CryptoMix,N,
cosakos,Unidentified,N,
RAD,Unidentified,N,
cripted,Unidentified,N,
BlackHeart,Unidentified,N,
Blocked2,Unidentified,N,
zcrypt,KeyBTC,N,
key,Unidentified,Y,Datafile(ForecastPro)
Ataware,Unidentified,N,
Server,Unidentified,N,
SENRUS17,Unidentified,N,
FS0ciety,Unidentified,N,
encryptedyourfiles,Unidentified,N,
rlhwasted,Unidentified,N,
trump,Unidentified,N,
Mystic,Unidentified,N,
YYTO,Unidentified,N,
RedBoot,Unidentified,N,
CoronaLock,Unidentified,N,
RNZ,Unidentified,N,
tater,Unidentified,N,
*AgeLocker,Unidentified,N,
lu*,Unidentified,N,
ch,Unidentified,Y,Headerfile(Clipper5)
SystemCrypter,Unidentified,N,
wxdrJbgSDa,Unidentified,N,
cc,Unidentified,Y,C++sourcecodefile
HILDA,Unidentified,N,
ekans,Unidentified,N,
reimageplus,Unidentified,N,
encoderpass,Unidentified,N,
cz,Unidentified,N,
cryptotes,Unidentified,N,
rpd,Unidentified,Y,Database(RapidFile)
vjiszy1lo,Unidentified,N,
cs,Unidentified,Y,VisualC#Sourcefile
cxk,Unidentified,N,
decodeme666@tutanota_com,Unidentified,N,
vanss,Unidentified,N,
ZABLOKOWANE,Unidentified,N,
LOTUS,Unidentified,N,
Timestamp,Unidentified,N,
gw3w,Unidentified,N,
TomLe,Unidentified,N,
Files-Frozen-NEED-TO-MAKE-PAYMENT\u2026,Unidentified,N,
LongTermMemoryLoss,Unidentified,N,
crptrgr,ODCODC,N,
MyChemicalRomance4EVER,Unidentified,N,
rbhd,Unidentified,N,
vassagoh,Unidentified,N,
mike,Unidentified,N,
glock,Unidentified,N,
Fenrir,Unidentified,N,
MadDog,Unidentified,N,
Crypton,Unidentified,N,
ahegao,Unidentified,N,
FIXT,Unidentified,N,
SALSA222,Unidentified,N,
VAGGEN,Unidentified,N,
cityzone-*,Unidentified,N,
OpenToYou,Unidentified,N,
iloveworld,Unidentified,N,
napoleon,Unidentified,N,
homer,Unidentified,N,
country82000,Unidentified,N,
ge010gic,Unidentified,N,
cypher,Unidentified,N,
CYRAT,Unidentified,N,
bobelectron,Unidentified,N,
cryeye,Manifestus,N,
rbs,Unidentified,Y,WindowsInstallerRollbackScriptfile
TRSomware[is_back__New-Algorithm__By_MaMo434376],Unidentified,N,
sanders4,Unidentified,N,
CryptoMix Revenge,Unidentified,N,
no_more_ransom,Unidentified,N,
f*cked,Unidentified,N,
lockymap,Unidentified,N,
RemindMe,Unidentified,N,
b2fr,Unidentified,N,
cve,Unidentified,N,
Ctpl,Unidentified,N,
V8Locker,Unidentified,N,
~,Unidentified,N,
vb,Unidentified,N,
sjjpu,Unidentified,N,
non,Unidentified,N,
h3ll,Unidentified,N,
3674AD9F-5958-4F2A-5CB7-F0F56A8885EA,Unidentified,N,
erif,Unidentified,N,
RackCrypt,Unidentified,N,
locked-*,Unidentified,N,
CryptoMix Wallet,Unidentified,N,
sanders4!,Unidentified,N,
Cossy,Unidentified,N,
moloch,Unidentified,N,
youransom,Unidentified,N,
u'*Rec0very*,Unidentified,N,
btHTIb,Unidentified,N,
Bear,Unidentified,N,
DREAM,Unidentified,N,
oonn,Unidentified,N,
2DA-1FF-401,Unidentified,N,
onlinesupport,Unidentified,N,
CRIPTOGRAFADO,Unidentified,N,
android,Unidentified,N,
xtbl,Unidentified,N,
pumas,Unidentified,N,
pizdec,Unidentified,N,
slvpawned,Unidentified,N,
zorro,CryLocker,N,
XTBL,Unidentified,N,
ezzyl,Unidentified,N,
6vr378txi,Unidentified,N,
XERO,Unidentified,N,
wowreadfordecry,Unidentified,N,
pdf,Unidentified,Y,AdobePortableDocumentFormat
fucked,TeslaCrypt,N,
[ID]*[ID]Look,Unidentified,N,
BMCODE,Unidentified,N,
Alkohol,Unidentified,N,
AES256-06,Unidentified,N,
googl,Unidentified,N,
dat,Unidentified,Y,DatafileinspecialformatorASCII
io],Unidentified,N,
ILMWL,Unidentified,N,
YDHM,Unidentified,N,
A9V9AHU4,Unidentified,N,
i,Unidentified,Y,Intermediatefile(BorlandC++4.5)
Acuf2,Unidentified,N,
builder,Unidentified,N,
RECOVERYOURFILES,Unidentified,N,
ARA,Unidentified,N,
dfjhsalfhsakljfhsljkahfdjklashfdjklh,Unidentified,N,
nginxhole,Unidentified,N,
oops,Karmen,N,
demonslay335_you_cannot_decrypt_me!,Unidentified,N,
alka,Unidentified,N,
mtogas,Unidentified,N,
VforVendetta,Globe,N,
DATA_IS_SAFE_YOU_NEED_TO_MAKE_THE_PAYMENT_IN_MAXIM_24_HOURS_OR_ALL_YOUR_FILES_WILL_BE_LOST_FOREVER_PLEASE_BE_REZONABLE_IS_NOT_A_JOKE_TIME_IS_LIMITED,Unidentified,N,
slgh,Unidentified,N,
pauq,Unidentified,N,
Eternal,Unidentified,N,
hese,Unidentified,N,
BK,Unidentified,N,
XRNT,Unidentified,N,
shootlock,Unidentified,N,
VaultCrypt,Unidentified,N,
Neptune,Unidentified,N,
Stinger,Unidentified,N,
LockerGoga,Unidentified,N,
crypt38,Unidentified,N,
59d49,Unidentified,N,
adv,Unidentified,N,
viiper,Unidentified,N,
WSHLP,Unidentified,N,
panther,Unidentified,N,
infileshop@gmail_com_ID44,Unidentified,N,
codnat1,Unidentified,N,
sky,Unidentified,N,
BigBobRoss,Unidentified,N,
filesfucked,Unidentified,N,
CoronaVirus,Unidentified,N,
0kilobypt,Unidentified,N,
dqb,Unidentified,N,
myjob,Unidentified,N,
Hermes,Unidentified,N,
adk,Wana,N,
tgmn,Unidentified,N,
boom,Unidentified,N,
KLZUB,Unidentified,N,
projectzorgo,Unidentified,N,
MOLE04,Unidentified,N,
MOLE03,Unidentified,N,
sick,Unidentified,N,
MOLE01,Unidentified,N,
ANNABELLE,Unidentified,N,
desu,Unidentified,N,
*darkness,Unidentified,N,
Banta,Unidentified,N,
kuus,Unidentified,N,
\u0417\u0430\u0449\u0438\u0449\u0435\u043d\u043e,Unidentified,N,
El Polocker,Unidentified,N,
nakw,Unidentified,N,
leon,Unidentified,N,
les#,Unidentified,N,
PARTY,Unidentified,N,
etols,Unidentified,N,
kuub,Unidentified,N,
woodrat,Unidentified,N,
ILElection2020,Unidentified,N,
Ransed,Unidentified,N,
SQ_,Unidentified,N,
like,Unidentified,N,
onion,CryptoMix,N,
k0stya,Unidentified,N,
parasite,Unidentified,N,
NM4,Unidentified,N,
testE,Unidentified,N,
nm8kci,Unidentified,N,
FEROSUS,Unidentified,N,
31392E30362E32303136_*,Unidentified,N,
zzzzz,Enigma,N,
IO,Unidentified,N,
"com],",Unidentified,N,
meka,Unidentified,N,
hush,Xorist,N,
GORILLA,Unidentified,N,
Acton,Unidentified,N,
tronas,Unidentified,N,
ETH,Unidentified,N,
covm,Unidentified,N,
tmp,Unidentified,Y,Temporaryfile
u'*decipher*,Unidentified,N,
kr3,Unidentified,N,
charmant,Unidentified,N,
masked,Unidentified,N,
npsk,Unidentified,N,
G8xB,Unidentified,N,
zwer,Unidentified,N,
dwbiwty,Unidentified,N,
rezm,Unidentified,N,
FDFK,Unidentified,N,
paycyka,Unidentified,N,
usam,Unidentified,N,
rumblegoodboy,Unidentified,N,
Afrodita,Unidentified,N,
peosajwqfk,Unidentified,N,
devil,Unidentified,N,
LOCKED_BY_pablukl0cker,Unidentified,N,
LooCipher,Unidentified,N,
megac0rtx,Unidentified,N,
revolution,Unidentified,N,
lukitus-tiedostop\xe4\xe4tett\xe4,Unidentified,N,
LoveServer,Unidentified,N,
com}KBK,Unidentified,N,
tcwwasted,Unidentified,N,
EncrypTile,Unidentified,N,
ESCAL*,Unidentified,N,
Marlboro,Unidentified,N,
nlocker,Unidentified,N,
SPCT,Unidentified,N,
termit,Unidentified,N,
RJZUNA,Unidentified,N,
KOK8,Unidentified,N,
*GEFEST,Unidentified,N,
StorageCrypter,Unidentified,N,
mers,Unidentified,N,
STOP,Unidentified,N,
suppose666,Unidentified,N,
Bitconnect,Unidentified,N,
promoks,Unidentified,N,
Teslarvng,Unidentified,N,
merl,Unidentified,N,
SySS,Unidentified,N,
con30,Unidentified,N,
!emc,Unidentified,N,
R16M01D05,Unidentified,N,
me],Unidentified,N,
YOURPCISHACK16024752552658,Unidentified,N,
cfm,Unidentified,Y,ColdFusionMarkupLanguage(Allaire)
Dusk,Unidentified,N,
L33TAF,Unidentified,N,
*,Unidentified,N,
2k19,Unidentified,N,
TMS5,Unidentified,N,
pack14,Unidentified,N,
PA-SIEM,Unidentified,N,
OFFWHITE,Unidentified,N,
esexz,Unidentified,N,
hdeaf,Unidentified,N,
j0hnson,Unidentified,N,
angelamerkel,Troldesh,N,
venusp,Unidentified,N,
MirCop,Unidentified,N,
NEMTY_VQLGC72,Unidentified,N,
coka,Unidentified,N,
FuxSocy,Unidentified,N,
KEYPASS,Unidentified,N,
rajar,Unidentified,N,
neitrino,Unidentified,N,
hj36MM,Unidentified,N,
decrypme,Unidentified,N,
venusf,Ransomware,N,
ppdddp,Unidentified,N,
*anta,Unidentified,N,
jwjs,Unidentified,N,
dme,Unidentified,N,
Ozoza,Unidentified,N,
mado,Unidentified,N,
Cryakl,Unidentified,N,
rumba,Unidentified,N,
dmo,Unidentified,Y,Demo(Derive)
726,Unidentified,N,
725,Unidentified,N,
xiaoba22,Unidentified,N,
O67NG,Unidentified,N,
xiaoba23,Unidentified,N,
encmywork,Unidentified,N,
CRRRT,Unidentified,N,
AreYouLoveMyRansFile,Unidentified,N,
DALE,Unidentified,N,
_NEMTY*,Unidentified,N,
jessy,Unidentified,N,
6491,Unidentified,N,
zhen!,Unidentified,N,
u'*zn2016,Unidentified,N,
domino,Unidentified,N,
html,Unidentified,Y,HyperTextMarkupLanguagedocument
CyberSCCP,Unidentified,N,
RedEye,Unidentified,N,
payms,Apocalypse,N,
twist,Unidentified,N,
bizer,Unidentified,N,
ini,Unidentified,Y,Initializationfile
v-society,Unidentified,N,
sifreli,Unidentified,N,
pip,Unidentified,Y,Personalizedmenuandtoolbar(MSOffice)
cyberdrill,Unidentified,N,
inf,Unidentified,Y,Type1LaserJetfontinformationfile(softfont
dy8wud,Unidentified,N,
urnb,Unidentified,N,
GFYPK,Unidentified,N,
DeLpHiMoRiX!@@@@_@@_@_2018_@@@_@_@_@@@,Unidentified,N,
abiyq,Unidentified,N,
velso,Unidentified,N,
Sadogo,Unidentified,N,
KOK08,Unidentified,N,
VaNoLe,Unidentified,N,
rxx,Unidentified,N,
boop,Unidentified,N,
DecryptIomega,Unidentified,N,
Mespinoza,Unidentified,N,
Uyari,Unidentified,N,
fire,Unidentified,N,
shariz,Unidentified,N,
only-we_can-help_you,Unidentified,N,
NASAcry,Unidentified,N,
moncrypt,Unidentified,N,
booa,Unidentified,N,
auw2w2g0,Unidentified,N,
adam,Unidentified,N,
hacker,Unidentified,N,
AES256,Unidentified,N,
NewHT,Unidentified,N,
CryptorBit,Unidentified,N,
PAUSA,Unidentified,N,
tokog,Unidentified,N,
m3ga,Unidentified,N,
TJODT,Unidentified,N,
Fonix,Unidentified,N,
rdmk,Unidentified,N,
WininiCrypt,Unidentified,N,
ghost,Unidentified,N,
ransomcrypt,Unidentified,N,
encryptedALL,Unidentified,N,
covid-19,Phishing,N,
EVEREST,Unidentified,N,
CQXGPMKNR,Unidentified,N,
XiaoBa1,Unidentified,N,
4k,Unidentified,N,
whatthefuck,Unidentified,N,
KKBKR,Unidentified,N,
